cement,ggbs,flyash,silica_fume,limestone_powder,quartz_powder,nano_silica,water,superplasticizer,coarse_agg,fine_agg,temperature,age,cs,is_uhpc,binder,water_binder_ratio
450.0,0.0,0.0,50.0,0.0,0.0,0.0,90.0,18.0,1992.0,0.0,20,28,131.0,1,500.0,0.17999999964
630.0,0.0,0.0,70.0,0.0,0.0,0.0,126.0,18.0,1788.0,0.0,20,28,135.0,1,700.0,0.17999999974285713
810.0,0.0,0.0,90.0,0.0,0.0,0.0,162.0,18.0,1539.0,0.0,20,28,137.0,1,900.0,0.1799999998
810.0,0.0,0.0,90.0,0.0,0.0,0.0,162.0,18.0,1539.0,0.0,20,28,137.0,1,900.0,0.1799999998
630.0,180.0,0.0,90.0,0.0,0.0,0.0,126.0,18.0,1539.0,0.0,20,28,150.0,1,900.0,0.13999999984444444
630.0,180.0,0.0,90.0,0.0,0.0,0.0,144.0,18.0,1539.0,0.0,20,28,142.0,1,900.0,0.1599999998222222
630.0,180.0,0.0,90.0,0.0,0.0,0.0,144.0,18.0,1539.0,0.0,20,28,142.0,1,900.0,0.1599999998222222
450.0,180.0,0.0,90.0,180.0,0.0,0.0,144.0,18.0,1539.0,0.0,20,28,150.0,1,900.0,0.1599999998222222
270.0,180.0,0.0,90.0,360.0,0.0,0.0,144.0,18.0,1539.0,0.0,20,28,130.0,1,900.0,0.1599999998222222
450.0,0.0,0.0,50.0,0.0,0.0,0.0,90.0,18.0,1992.0,0.0,20,56,139.0,1,500.0,0.17999999964
630.0,0.0,0.0,70.0,0.0,0.0,0.0,126.0,18.0,1788.0,0.0,20,56,146.0,1,700.0,0.17999999974285713
810.0,0.0,0.0,90.0,0.0,0.0,0.0,162.0,18.0,1539.0,0.0,20,56,150.0,1,900.0,0.1799999998
810.0,0.0,0.0,90.0,0.0,0.0,0.0,162.0,18.0,1539.0,0.0,20,56,150.0,1,900.0,0.1799999998
630.0,180.0,0.0,90.0,0.0,0.0,0.0,162.0,18.0,1539.0,0.0,20,56,141.0,1,900.0,0.1799999998
450.0,360.0,0.0,90.0,0.0,0.0,0.0,162.0,18.0,1539.0,0.0,20,56,133.0,1,900.0,0.1799999998
630.0,180.0,0.0,90.0,0.0,0.0,0.0,126.0,18.0,1539.0,0.0,20,56,159.0,1,900.0,0.13999999984444444
630.0,180.0,0.0,90.0,0.0,0.0,0.0,144.0,18.0,1539.0,0.0,20,56,160.0,1,900.0,0.1599999998222222
630.0,180.0,0.0,90.0,0.0,0.0,0.0,162.0,18.0,1539.0,0.0,20,56,141.0,1,900.0,0.1799999998
630.0,180.0,0.0,90.0,0.0,0.0,0.0,144.0,18.0,1539.0,0.0,20,56,160.0,1,900.0,0.1599999998222222
450.0,180.0,0.0,90.0,180.0,0.0,0.0,144.0,18.0,1539.0,0.0,20,56,161.0,1,900.0,0.1599999998222222
270.0,180.0,0.0,90.0,360.0,0.0,0.0,144.0,18.0,1539.0,0.0,20,56,139.0,1,900.0,0.1599999998222222
450.0,0.0,0.0,50.0,0.0,0.0,0.0,90.0,18.0,1992.0,0.0,20,90,151.0,1,500.0,0.17999999964
630.0,0.0,0.0,70.0,0.0,0.0,0.0,126.0,18.0,1788.0,0.0,20,90,160.0,1,700.0,0.17999999974285713
810.0,0.0,0.0,90.0,0.0,0.0,0.0,162.0,18.0,1539.0,0.0,20,90,170.0,1,900.0,0.1799999998
810.0,0.0,0.0,90.0,0.0,0.0,0.0,162.0,18.0,1539.0,0.0,20,90,170.0,1,900.0,0.1799999998
630.0,180.0,0.0,90.0,0.0,0.0,0.0,162.0,18.0,1539.0,0.0,20,90,169.0,1,900.0,0.1799999998
630.0,180.0,0.0,90.0,0.0,0.0,0.0,126.0,18.0,1539.0,0.0,20,90,168.0,1,900.0,0.13999999984444444
630.0,180.0,0.0,90.0,0.0,0.0,0.0,144.0,18.0,1539.0,0.0,20,90,172.0,1,900.0,0.1599999998222222
630.0,180.0,0.0,90.0,0.0,0.0,0.0,162.0,18.0,1539.0,0.0,20,90,169.0,1,900.0,0.1799999998
630.0,180.0,0.0,90.0,0.0,0.0,0.0,144.0,18.0,1539.0,0.0,20,90,172.0,1,900.0,0.1599999998222222
450.0,180.0,0.0,90.0,180.0,0.0,0.0,144.0,18.0,1539.0,0.0,20,90,176.0,1,900.0,0.1599999998222222
270.0,180.0,0.0,90.0,360.0,0.0,0.0,144.0,18.0,1539.0,0.0,20,90,150.0,1,900.0,0.1599999998222222
450.0,0.0,0.0,50.0,0.0,0.0,0.0,90.0,18.0,1992.0,0.0,20,180,159.0,1,500.0,0.17999999964
630.0,0.0,0.0,70.0,0.0,0.0,0.0,126.0,18.0,1788.0,0.0,20,180,167.0,1,700.0,0.17999999974285713
810.0,0.0,0.0,90.0,0.0,0.0,0.0,162.0,18.0,1539.0,0.0,20,180,174.0,1,900.0,0.1799999998
810.0,0.0,0.0,90.0,0.0,0.0,0.0,162.0,18.0,1539.0,0.0,20,180,174.0,1,900.0,0.1799999998
630.0,180.0,0.0,90.0,0.0,0.0,0.0,162.0,18.0,1539.0,0.0,20,180,170.0,1,900.0,0.1799999998
630.0,180.0,0.0,90.0,0.0,0.0,0.0,126.0,18.0,1539.0,0.0,20,180,168.0,1,900.0,0.13999999984444444
630.0,180.0,0.0,90.0,0.0,0.0,0.0,144.0,18.0,1539.0,0.0,20,180,175.0,1,900.0,0.1599999998222222
630.0,180.0,0.0,90.0,0.0,0.0,0.0,162.0,18.0,1539.0,0.0,20,180,170.0,1,900.0,0.1799999998
630.0,180.0,0.0,90.0,0.0,0.0,0.0,144.0,18.0,1539.0,0.0,20,180,175.0,1,900.0,0.1599999998222222
450.0,180.0,0.0,90.0,180.0,0.0,0.0,144.0,18.0,1539.0,0.0,20,180,179.0,1,900.0,0.1599999998222222
270.0,180.0,0.0,90.0,360.0,0.0,0.0,144.0,18.0,1539.0,0.0,20,180,160.0,1,900.0,0.1599999998222222
450.0,0.0,0.0,50.0,0.0,0.0,0.0,90.0,18.0,1992.0,0.0,20,365,161.0,1,500.0,0.17999999964
630.0,0.0,0.0,70.0,0.0,0.0,0.0,126.0,18.0,1788.0,0.0,20,365,169.0,1,700.0,0.17999999974285713
810.0,0.0,0.0,90.0,0.0,0.0,0.0,162.0,18.0,1539.0,0.0,20,365,177.0,1,900.0,0.1799999998
810.0,0.0,0.0,90.0,0.0,0.0,0.0,162.0,18.0,1539.0,0.0,20,365,177.0,1,900.0,0.1799999998
630.0,180.0,0.0,90.0,0.0,0.0,0.0,162.0,18.0,1539.0,0.0,20,365,174.0,1,900.0,0.1799999998
630.0,180.0,0.0,90.0,0.0,0.0,0.0,126.0,18.0,1539.0,0.0,20,365,168.0,1,900.0,0.13999999984444444
630.0,180.0,0.0,90.0,0.0,0.0,0.0,144.0,18.0,1539.0,0.0,20,365,178.0,1,900.0,0.1599999998222222
630.0,180.0,0.0,90.0,0.0,0.0,0.0,162.0,18.0,1539.0,0.0,20,365,174.0,1,900.0,0.1799999998
630.0,180.0,0.0,90.0,0.0,0.0,0.0,144.0,18.0,1539.0,0.0,20,365,178.0,1,900.0,0.1599999998222222
450.0,180.0,0.0,90.0,180.0,0.0,0.0,144.0,18.0,1539.0,0.0,20,365,183.0,1,900.0,0.1599999998222222
270.0,180.0,0.0,90.0,360.0,0.0,0.0,144.0,18.0,1539.0,0.0,20,365,164.0,1,900.0,0.1599999998222222
874.9,0.0,0.0,43.7,0.0,0.0,0.0,202.1,45.9,1273.4,0.0,21,7,85.91,1,918.6,0.22000870866535083
612.4,0.0,0.0,43.7,262.5,0.0,0.0,202.1,45.9,1273.4,0.0,21,7,78.52,1,918.6,0.22000870866535083
699.9,0.0,0.0,43.7,0.0,175.0,0.0,202.1,45.9,1273.4,0.0,21,7,85.91,1,918.6,0.22000870866535083
874.9,0.0,0.0,43.7,0.0,0.0,0.0,202.1,45.9,1273.4,39.0,21,7,106.71,1,918.6,0.22000870866535083
612.4,0.0,0.0,43.7,262.5,0.0,0.0,202.1,45.9,1273.4,39.0,21,7,89.93,1,918.6,0.22000870866535083
699.9,0.0,0.0,43.7,0.0,175.0,0.0,202.1,45.9,1273.4,39.0,21,7,99.33,1,918.6,0.22000870866535083
874.9,0.0,0.0,43.7,0.0,0.0,0.0,202.1,45.9,1273.4,78.0,21,7,108.73,1,918.6,0.22000870866535083
612.4,0.0,0.0,43.7,262.5,0.0,0.0,202.1,45.9,1273.4,78.0,21,7,92.62,1,918.6,0.22000870866535083
699.9,0.0,0.0,43.7,0.0,175.0,0.0,202.1,45.9,1273.4,78.0,21,7,102.01,1,918.6,0.22000870866535083
874.9,0.0,0.0,43.7,0.0,0.0,0.0,202.1,45.9,1273.4,117.0,21,7,110.74,1,918.6,0.22000870866535083
612.4,0.0,0.0,43.7,262.5,0.0,0.0,202.1,45.9,1273.4,117.0,21,7,100.0,1,918.6,0.22000870866535083
699.9,0.0,0.0,43.7,0.0,175.0,0.0,202.1,45.9,1273.4,117.0,21,7,108.73,1,918.6,0.22000870866535083
874.9,0.0,0.0,43.7,0.0,0.0,0.0,202.1,45.9,1273.4,156.0,21,7,120.81,1,918.6,0.22000870866535083
612.4,0.0,0.0,43.7,262.5,0.0,0.0,202.1,45.9,1273.4,156.0,21,7,105.37,1,918.6,0.22000870866535083
699.9,0.0,0.0,43.7,0.0,175.0,0.0,202.1,45.9,1273.4,156.0,21,7,114.77,1,918.6,0.22000870866535083
612.4,0.0,0.0,43.7,262.5,0.0,0.0,202.1,45.9,1273.4,195.0,21,7,114.09,1,918.6,0.22000870866535083
699.9,0.0,0.0,43.7,0.0,175.0,0.0,202.1,45.9,1273.4,195.0,21,7,122.82,1,918.6,0.22000870866535083
874.9,0.0,0.0,43.7,0.0,0.0,0.0,202.1,45.9,1273.4,0.0,21,28,100.67,1,918.6,0.22000870866535083
612.4,0.0,0.0,43.7,262.5,0.0,0.0,202.1,45.9,1273.4,0.0,21,28,88.59,1,918.6,0.22000870866535083
874.9,0.0,0.0,43.7,0.0,0.0,0.0,202.1,45.9,1273.4,39.0,21,28,115.44,1,918.6,0.22000870866535083
612.4,0.0,0.0,43.7,262.5,0.0,0.0,202.1,45.9,1273.4,39.0,21,28,100.67,1,918.6,0.22000870866535083
699.9,0.0,0.0,43.7,0.0,175.0,0.0,202.1,45.9,1273.4,39.0,21,28,106.71,1,918.6,0.22000870866535083
874.9,0.0,0.0,43.7,0.0,0.0,0.0,202.1,45.9,1273.4,78.0,21,28,124.83,1,918.6,0.22000870866535083
612.4,0.0,0.0,43.7,262.5,0.0,0.0,202.1,45.9,1273.4,78.0,21,28,114.09,1,918.6,0.22000870866535083
699.9,0.0,0.0,43.7,0.0,175.0,0.0,202.1,45.9,1273.4,78.0,21,28,120.81,1,918.6,0.22000870866535083
874.9,0.0,0.0,43.7,0.0,0.0,0.0,202.1,45.9,1273.4,117.0,21,28,132.22,1,918.6,0.22000870866535083
612.4,0.0,0.0,43.7,262.5,0.0,0.0,202.1,45.9,1273.4,117.0,21,28,126.17,1,918.6,0.22000870866535083
699.9,0.0,0.0,43.7,0.0,175.0,0.0,202.1,45.9,1273.4,117.0,21,28,130.2,1,918.6,0.22000870866535083
874.9,0.0,0.0,43.7,0.0,0.0,0.0,202.1,45.9,1273.4,156.0,21,28,146.31,1,918.6,0.22000870866535083
612.4,0.0,0.0,43.7,262.5,0.0,0.0,202.1,45.9,1273.4,156.0,21,28,134.23,1,918.6,0.22000870866535083
699.9,0.0,0.0,43.7,0.0,175.0,0.0,202.1,45.9,1273.4,156.0,21,28,139.6,1,918.6,0.22000870866535083
874.9,0.0,0.0,43.7,0.0,0.0,0.0,202.1,45.9,1273.4,195.0,21,28,155.71,1,918.6,0.22000870866535083
612.4,0.0,0.0,43.7,262.5,0.0,0.0,202.1,45.9,1273.4,195.0,21,28,141.61,1,918.6,0.22000870866535083
699.9,0.0,0.0,43.7,0.0,175.0,0.0,202.1,45.9,1273.4,195.0,21,28,148.32,1,918.6,0.22000870866535083
729.0,0.0,0.0,124.0,0.0,397.0,0.0,170.0,30.0,833.0,156.0,23,28,166.1,1,1250.0,0.13599999989119999
401.0,0.0,328.0,124.0,0.0,397.0,0.0,170.0,30.0,833.0,156.0,23,28,124.7,1,1250.0,0.13599999989119999
401.0,328.0,0.0,124.0,0.0,397.0,0.0,170.0,30.0,833.0,156.0,23,28,139.4,1,1250.0,0.13599999989119999
439.5,0.0,0.0,0.0,263.7,175.9,0.0,175.8,43.9,1273.4,0.0,21,3,49.61,1,879.1,0.19997724923219515
435.1,0.0,0.0,0.0,263.7,175.9,4.4,175.8,43.9,1273.4,0.0,21,3,50.87,1,879.0999999999999,0.19997724923219518
430.7,0.0,0.0,0.0,263.7,175.9,8.8,175.8,43.9,1273.4,0.0,21,3,54.96,1,879.0999999999999,0.19997724923219518
426.3,0.0,0.0,0.0,263.7,175.9,13.2,175.8,43.9,1273.4,0.0,21,3,56.85,1,879.1,0.19997724923219515
421.9,0.0,0.0,0.0,263.7,175.9,17.6,175.8,43.9,1273.4,0.0,21,3,57.17,1,879.0999999999999,0.19997724923219518
417.5,0.0,0.0,0.0,263.7,175.9,22.0,175.8,43.9,1273.4,0.0,21,3,55.91,1,879.1,0.19997724923219515
435.1,0.0,0.0,0.0,263.7,175.9,4.4,175.8,43.9,1273.4,195.0,21,3,70.35,1,879.0999999999999,0.19997724923219518
430.7,0.0,0.0,0.0,263.7,175.9,8.8,175.8,43.9,1273.4,195.0,21,3,72.84,1,879.0999999999999,0.19997724923219518
426.3,0.0,0.0,0.0,263.7,175.9,13.2,175.8,43.9,1273.4,195.0,21,3,78.44,1,879.1,0.19997724923219515
421.9,0.0,0.0,0.0,263.7,175.9,17.6,175.8,43.9,1273.4,195.0,21,3,79.69,1,879.0999999999999,0.19997724923219518
417.5,0.0,0.0,0.0,263.7,175.9,22.0,175.8,43.9,1273.4,195.0,21,3,77.82,1,879.1,0.19997724923219515
430.7,0.0,0.0,0.0,263.7,175.9,8.8,175.8,43.9,1273.4,0.0,21,7,65.98,1,879.0999999999999,0.19997724923219518
426.3,0.0,0.0,0.0,263.7,175.9,13.2,175.8,43.9,1273.4,0.0,21,7,68.82,1,879.1,0.19997724923219515
421.9,0.0,0.0,0.0,263.7,175.9,17.6,175.8,43.9,1273.4,0.0,21,7,69.13,1,879.0999999999999,0.19997724923219518
417.5,0.0,0.0,0.0,263.7,175.9,22.0,175.8,43.9,1273.4,0.0,21,7,65.35,1,879.1,0.19997724923219515
439.5,0.0,0.0,0.0,263.7,175.9,0.0,175.8,43.9,1273.4,195.0,21,7,90.89,1,879.1,0.19997724923219515
435.1,0.0,0.0,0.0,263.7,175.9,4.4,175.8,43.9,1273.4,195.0,21,7,94.63,1,879.0999999999999,0.19997724923219518
430.7,0.0,0.0,0.0,263.7,175.9,8.8,175.8,43.9,1273.4,195.0,21,7,96.5,1,879.0999999999999,0.19997724923219518
426.3,0.0,0.0,0.0,263.7,175.9,13.2,175.8,43.9,1273.4,195.0,21,7,100.86,1,879.1,0.19997724923219515
421.9,0.0,0.0,0.0,263.7,175.9,17.6,175.8,43.9,1273.4,195.0,21,7,103.35,1,879.0999999999999,0.19997724923219518
417.5,0.0,0.0,0.0,263.7,175.9,22.0,175.8,43.9,1273.4,195.0,21,7,98.99,1,879.1,0.19997724923219515
435.1,0.0,0.0,0.0,263.7,175.9,4.4,175.8,43.9,1273.4,0.0,21,28,77.01,1,879.0999999999999,0.19997724923219518
430.7,0.0,0.0,0.0,263.7,175.9,8.8,175.8,43.9,1273.4,0.0,21,28,81.1,1,879.0999999999999,0.19997724923219518
426.3,0.0,0.0,0.0,263.7,175.9,13.2,175.8,43.9,1273.4,0.0,21,28,88.66,1,879.1,0.19997724923219515
421.9,0.0,0.0,0.0,263.7,175.9,17.6,175.8,43.9,1273.4,0.0,21,28,91.18,1,879.0999999999999,0.19997724923219518
417.5,0.0,0.0,0.0,263.7,175.9,22.0,175.8,43.9,1273.4,0.0,21,28,86.46,1,879.1,0.19997724923219515
439.5,0.0,0.0,0.0,263.7,175.9,0.0,175.8,43.9,1273.4,195.0,21,28,113.93,1,879.1,0.19997724923219515
435.1,0.0,0.0,0.0,263.7,175.9,4.4,175.8,43.9,1273.4,195.0,21,28,120.16,1,879.0999999999999,0.19997724923219518
430.7,0.0,0.0,0.0,263.7,175.9,8.8,175.8,43.9,1273.4,195.0,21,28,126.38,1,879.0999999999999,0.19997724923219518
594.2,0.0,0.0,0.0,265.3,0.0,24.8,176.9,44.2,1282.3,0.0,21,28,98.89,1,884.3,0.20004523329181814
594.2,0.0,0.0,0.0,265.3,0.0,24.8,176.9,44.2,1282.3,156.0,21,28,139.44,1,884.3,0.20004523329181814
594.2,0.0,0.0,0.0,265.3,0.0,24.8,176.9,44.2,1282.3,156.0,21,28,141.67,1,884.3,0.20004523329181814
594.2,0.0,0.0,0.0,265.3,0.0,24.8,176.9,44.2,1282.3,156.0,21,28,129.44,1,884.3,0.20004523329181814
594.2,0.0,0.0,0.0,265.3,0.0,24.8,176.9,44.2,1282.3,156.0,21,28,124.44,1,884.3,0.20004523329181814
594.2,0.0,0.0,0.0,265.3,0.0,24.8,176.9,44.2,1282.3,156.0,21,28,120.56,1,884.3,0.20004523329181814
594.2,0.0,0.0,0.0,265.3,0.0,24.8,176.9,44.2,1282.3,156.0,21,28,129.01,1,884.3,0.20004523329181814
594.2,0.0,0.0,0.0,265.3,0.0,24.8,176.9,44.2,1282.3,156.0,21,28,132.96,1,884.3,0.20004523329181814
594.2,0.0,0.0,0.0,265.3,0.0,24.8,176.9,44.2,1282.3,156.0,21,28,129.58,1,884.3,0.20004523329181814
594.2,0.0,0.0,0.0,265.3,0.0,24.8,176.9,44.2,1282.3,156.0,21,28,136.34,1,884.3,0.20004523329181814
594.2,0.0,0.0,0.0,265.3,0.0,24.8,176.9,44.2,1282.3,0.0,21,7,86.11,1,884.3,0.20004523329181814
594.2,0.0,0.0,0.0,265.3,0.0,24.8,176.9,44.2,1282.3,156.0,21,7,113.89,1,884.3,0.20004523329181814
594.2,0.0,0.0,0.0,265.3,0.0,24.8,176.9,44.2,1282.3,156.0,21,7,117.22,1,884.3,0.20004523329181814
594.2,0.0,0.0,0.0,265.3,0.0,24.8,176.9,44.2,1282.3,156.0,21,7,114.44,1,884.3,0.20004523329181814
594.2,0.0,0.0,0.0,265.3,0.0,24.8,176.9,44.2,1282.3,156.0,21,7,112.22,1,884.3,0.20004523329181814
594.2,0.0,0.0,0.0,265.3,0.0,24.8,176.9,44.2,1282.3,156.0,21,7,111.11,1,884.3,0.20004523329181814
753.0,0.0,183.0,188.0,0.0,0.0,0.0,180.72,27.0,1129.0,0.0,20,28,166.0,1,1124.0,0.16078291800642086
745.0,0.0,181.0,186.0,0.0,0.0,0.0,171.35,27.0,1118.0,0.0,20,28,162.0,1,1112.0,0.1540917264801333
778.0,0.0,189.0,194.0,0.0,0.0,0.0,178.94,28.0,1167.0,0.0,20,28,181.0,1,1161.0,0.15412575352788477
758.0,0.0,184.0,190.0,0.0,0.0,0.0,166.76,27.0,1138.0,0.0,20,28,155.0,1,1132.0,0.14731448750237233
745.0,0.0,181.0,186.0,0.0,0.0,0.0,171.35,27.0,1118.0,0.0,20,28,159.0,1,1112.0,0.1540917264801333
890.0,0.0,0.0,0.0,0.0,0.0,0.0,178.0,30.2,1231.0,0.0,21,1,59.0,1,890.0,0.1999999997752809
890.0,0.0,0.0,0.0,0.0,0.0,0.0,178.0,30.2,1231.0,0.0,21,1,70.7,1,890.0,0.1999999997752809
845.5,0.0,0.0,44.5,0.0,0.0,0.0,178.0,30.2,1231.0,0.0,21,1,73.2,1,890.0,0.1999999997752809
801.0,0.0,0.0,89.0,0.0,0.0,0.0,178.0,30.2,1231.0,0.0,21,1,75.7,1,890.0,0.1999999997752809
756.5,0.0,0.0,133.5,0.0,0.0,0.0,178.0,30.2,1231.0,0.0,21,1,70.5,1,890.0,0.1999999997752809
712.0,0.0,0.0,178.0,0.0,0.0,0.0,178.0,30.2,1231.0,0.0,21,1,62.1,1,890.0,0.1999999997752809
845.5,0.0,0.0,44.5,0.0,0.0,0.0,178.0,30.2,1231.0,0.0,21,1,77.8,1,890.0,0.1999999997752809
712.0,0.0,178.0,0.0,0.0,0.0,0.0,178.0,30.2,1231.0,0.0,21,1,53.7,1,890.0,0.1999999997752809
667.5,0.0,178.0,44.5,0.0,0.0,0.0,178.0,30.2,1231.0,0.0,21,1,52.8,1,890.0,0.1999999997752809
1009.0,0.0,0.0,0.0,0.0,0.0,0.0,201.8,34.2,1231.0,0.0,21,1,72.8,1,1009.0,0.19999999980178396
1009.0,0.0,0.0,0.0,0.0,0.0,0.0,201.8,34.2,1231.0,0.0,21,1,73.2,1,1009.0,0.19999999980178396
958.55,0.0,0.0,50.45,0.0,0.0,0.0,201.8,34.2,1231.0,0.0,21,1,80.1,1,1009.0,0.19999999980178396
756.75,0.0,201.8,50.45,0.0,0.0,0.0,201.8,34.2,1231.0,0.0,21,1,53.1,1,1009.0,0.19999999980178396
890.0,0.0,0.0,0.0,0.0,0.0,0.0,178.0,30.2,1231.0,0.0,21,7,95.7,1,890.0,0.1999999997752809
890.0,0.0,0.0,0.0,0.0,0.0,0.0,178.0,30.2,1231.0,0.0,21,7,97.4,1,890.0,0.1999999997752809
845.5,0.0,0.0,44.5,0.0,0.0,0.0,178.0,30.2,1231.0,0.0,21,7,105.7,1,890.0,0.1999999997752809
801.0,0.0,0.0,89.0,0.0,0.0,0.0,178.0,30.2,1231.0,0.0,21,7,102.6,1,890.0,0.1999999997752809
756.5,0.0,0.0,133.5,0.0,0.0,0.0,178.0,30.2,1231.0,0.0,21,7,96.8,1,890.0,0.1999999997752809
712.0,0.0,0.0,178.0,0.0,0.0,0.0,178.0,30.2,1231.0,0.0,21,7,95.9,1,890.0,0.1999999997752809
845.5,0.0,0.0,44.5,0.0,0.0,0.0,178.0,30.2,1231.0,0.0,21,7,106.1,1,890.0,0.1999999997752809
712.0,0.0,178.0,0.0,0.0,0.0,0.0,178.0,30.2,1231.0,0.0,21,7,99.2,1,890.0,0.1999999997752809
623.0,0.0,267.0,0.0,0.0,0.0,0.0,178.0,30.2,1231.0,0.0,21,7,101.2,1,890.0,0.1999999997752809
534.0,0.0,356.0,0.0,0.0,0.0,0.0,178.0,30.2,1231.0,0.0,21,7,75.8,1,890.0,0.1999999997752809
667.5,0.0,178.0,44.5,0.0,0.0,0.0,178.0,30.2,1231.0,0.0,21,7,92.8,1,890.0,0.1999999997752809
1009.0,0.0,0.0,0.0,0.0,0.0,0.0,201.8,34.2,1231.0,0.0,21,7,102.8,1,1009.0,0.19999999980178396
1009.0,0.0,0.0,0.0,0.0,0.0,0.0,201.8,34.2,1231.0,0.0,21,7,102.3,1,1009.0,0.19999999980178396
958.55,0.0,0.0,50.45,0.0,0.0,0.0,201.8,34.2,1231.0,0.0,21,7,102.8,1,1009.0,0.19999999980178396
756.75,0.0,201.8,50.45,0.0,0.0,0.0,201.8,34.2,1231.0,0.0,21,7,101.5,1,1009.0,0.19999999980178396
890.0,0.0,0.0,0.0,0.0,0.0,0.0,178.0,30.2,1231.0,0.0,21,28,106.3,1,890.0,0.1999999997752809
890.0,0.0,0.0,0.0,0.0,0.0,0.0,178.0,30.2,1231.0,0.0,21,28,113.2,1,890.0,0.1999999997752809
845.5,0.0,0.0,44.5,0.0,0.0,0.0,178.0,30.2,1231.0,0.0,21,28,117.2,1,890.0,0.1999999997752809
801.0,0.0,0.0,89.0,0.0,0.0,0.0,178.0,30.2,1231.0,0.0,21,28,118.6,1,890.0,0.1999999997752809
756.5,0.0,0.0,133.5,0.0,0.0,0.0,178.0,30.2,1231.0,0.0,21,28,118.0,1,890.0,0.1999999997752809
712.0,0.0,0.0,178.0,0.0,0.0,0.0,178.0,30.2,1231.0,0.0,21,28,111.0,1,890.0,0.1999999997752809
845.5,0.0,0.0,44.5,0.0,0.0,0.0,178.0,30.2,1231.0,0.0,21,28,116.6,1,890.0,0.1999999997752809
712.0,0.0,178.0,0.0,0.0,0.0,0.0,178.0,30.2,1231.0,0.0,21,28,109.9,1,890.0,0.1999999997752809
623.0,0.0,267.0,0.0,0.0,0.0,0.0,178.0,30.2,1231.0,0.0,21,28,114.8,1,890.0,0.1999999997752809
534.0,0.0,356.0,0.0,0.0,0.0,0.0,178.0,30.2,1231.0,0.0,21,28,102.6,1,890.0,0.1999999997752809
667.5,0.0,178.0,44.5,0.0,0.0,0.0,178.0,30.2,1231.0,0.0,21,28,112.8,1,890.0,0.1999999997752809
1009.0,0.0,0.0,0.0,0.0,0.0,0.0,201.8,34.2,1231.0,0.0,21,28,113.8,1,1009.0,0.19999999980178396
1009.0,0.0,0.0,0.0,0.0,0.0,0.0,201.8,34.2,1231.0,0.0,21,28,115.2,1,1009.0,0.19999999980178396
958.55,0.0,0.0,50.45,0.0,0.0,0.0,201.8,34.2,1231.0,0.0,21,28,115.4,1,1009.0,0.19999999980178396
756.75,0.0,201.8,50.45,0.0,0.0,0.0,201.8,34.2,1231.0,0.0,21,28,114.5,1,1009.0,0.19999999980178396
1151.11,0.0,0.0,211.89,0.0,0.0,0.0,272.6,46.2,1231.0,0.0,90,28,159.7,1,1363.0,0.19999999985326486
1151.11,0.0,0.0,211.89,0.0,0.0,0.0,272.6,46.2,1231.0,0.0,90,28,165.8,1,1363.0,0.19999999985326486
1151.11,0.0,0.0,211.89,0.0,0.0,0.0,272.6,46.2,1231.0,0.0,90,28,163.9,1,1363.0,0.19999999985326486
1151.11,0.0,0.0,211.89,0.0,0.0,0.0,272.6,46.2,1231.0,234.0,90,28,170.6,1,1363.0,0.19999999985326486
1151.11,0.0,0.0,211.89,0.0,0.0,0.0,272.6,46.2,1231.0,234.0,90,28,179.0,1,1363.0,0.19999999985326486
1151.11,0.0,0.0,211.89,0.0,0.0,0.0,272.6,46.2,1231.0,234.0,90,28,177.0,1,1363.0,0.19999999985326486
890.0,0.0,0.0,0.0,0.0,0.0,0.0,178.0,30.2,1231.0,0.0,21,56,108.8,1,890.0,0.1999999997752809
890.0,0.0,0.0,0.0,0.0,0.0,0.0,178.0,30.2,1231.0,0.0,21,56,113.8,1,890.0,0.1999999997752809
845.5,0.0,0.0,44.5,0.0,0.0,0.0,178.0,30.2,1231.0,0.0,21,56,120.1,1,890.0,0.1999999997752809
801.0,0.0,0.0,89.0,0.0,0.0,0.0,178.0,30.2,1231.0,0.0,21,56,127.4,1,890.0,0.1999999997752809
756.5,0.0,0.0,133.5,0.0,0.0,0.0,178.0,30.2,1231.0,0.0,21,56,120.1,1,890.0,0.1999999997752809
712.0,0.0,0.0,178.0,0.0,0.0,0.0,178.0,30.2,1231.0,0.0,21,56,117.2,1,890.0,0.1999999997752809
845.5,0.0,0.0,44.5,0.0,0.0,0.0,178.0,30.2,1231.0,0.0,21,56,124.1,1,890.0,0.1999999997752809
712.0,0.0,178.0,0.0,0.0,0.0,0.0,178.0,30.2,1231.0,0.0,21,56,110.3,1,890.0,0.1999999997752809
623.0,0.0,267.0,0.0,0.0,0.0,0.0,178.0,30.2,1231.0,0.0,21,56,117.2,1,890.0,0.1999999997752809
534.0,0.0,356.0,0.0,0.0,0.0,0.0,178.0,30.2,1231.0,0.0,21,56,110.9,1,890.0,0.1999999997752809
667.5,0.0,178.0,44.5,0.0,0.0,0.0,178.0,30.2,1231.0,0.0,21,56,113.8,1,890.0,0.1999999997752809
1009.0,0.0,0.0,0.0,0.0,0.0,0.0,201.8,34.2,1231.0,0.0,21,56,126.2,1,1009.0,0.19999999980178396
1009.0,0.0,0.0,0.0,0.0,0.0,0.0,201.8,34.2,1231.0,0.0,21,56,129.3,1,1009.0,0.19999999980178396
958.55,0.0,0.0,50.45,0.0,0.0,0.0,201.8,34.2,1231.0,0.0,21,56,129.0,1,1009.0,0.19999999980178396
756.75,0.0,201.8,50.45,0.0,0.0,0.0,201.8,34.2,1231.0,0.0,21,56,131.7,1,1009.0,0.19999999980178396
890.0,0.0,0.0,0.0,0.0,0.0,0.0,178.0,30.2,1231.0,0.0,21,90,114.1,1,890.0,0.1999999997752809
890.0,0.0,0.0,0.0,0.0,0.0,0.0,178.0,30.2,1231.0,0.0,21,90,118.1,1,890.0,0.1999999997752809
845.5,0.0,0.0,44.5,0.0,0.0,0.0,178.0,30.2,1231.0,0.0,21,90,125.4,1,890.0,0.1999999997752809
801.0,0.0,0.0,89.0,0.0,0.0,0.0,178.0,30.2,1231.0,0.0,21,90,127.6,1,890.0,0.1999999997752809
756.5,0.0,0.0,133.5,0.0,0.0,0.0,178.0,30.2,1231.0,0.0,21,90,120.9,1,890.0,0.1999999997752809
712.0,0.0,0.0,178.0,0.0,0.0,0.0,178.0,30.2,1231.0,0.0,21,90,118.6,1,890.0,0.1999999997752809
845.5,0.0,0.0,44.5,0.0,0.0,0.0,178.0,30.2,1231.0,0.0,21,90,126.2,1,890.0,0.1999999997752809
712.0,0.0,178.0,0.0,0.0,0.0,0.0,178.0,30.2,1231.0,0.0,21,90,117.5,1,890.0,0.1999999997752809
623.0,0.0,267.0,0.0,0.0,0.0,0.0,178.0,30.2,1231.0,0.0,21,90,119.3,1,890.0,0.1999999997752809
534.0,0.0,356.0,0.0,0.0,0.0,0.0,178.0,30.2,1231.0,0.0,21,90,119.1,1,890.0,0.1999999997752809
667.5,0.0,178.0,44.5,0.0,0.0,0.0,178.0,30.2,1231.0,0.0,21,90,119.7,1,890.0,0.1999999997752809
1009.0,0.0,0.0,0.0,0.0,0.0,0.0,201.8,34.2,1231.0,0.0,21,90,139.3,1,1009.0,0.19999999980178396
1009.0,0.0,0.0,0.0,0.0,0.0,0.0,201.8,34.2,1231.0,0.0,21,90,149.7,1,1009.0,0.19999999980178396
958.55,0.0,0.0,50.45,0.0,0.0,0.0,201.8,34.2,1231.0,0.0,21,90,155.2,1,1009.0,0.19999999980178396
756.75,0.0,201.8,50.45,0.0,0.0,0.0,201.8,34.2,1231.0,0.0,21,90,152.1,1,1009.0,0.19999999980178396
472.0,315.0,0.0,262.0,0.0,0.0,0.0,178.0,21.0,1049.0,0.0,20,7,94.3,1,1049.0,0.169685414518889
472.0,315.0,0.0,262.0,0.0,0.0,0.0,178.0,21.0,1049.0,156.0,20,7,114.9,1,1049.0,0.169685414518889
472.0,315.0,0.0,262.0,0.0,0.0,0.0,178.0,21.0,1049.0,156.0,20,7,120.9,1,1049.0,0.169685414518889
472.0,315.0,0.0,262.0,0.0,0.0,0.0,178.0,21.0,1049.0,156.0,20,7,108.3,1,1049.0,0.169685414518889
472.0,315.0,0.0,262.0,0.0,0.0,0.0,178.0,21.0,1049.0,0.0,20,28,97.8,1,1049.0,0.169685414518889
472.0,315.0,0.0,262.0,0.0,0.0,0.0,178.0,21.0,1049.0,156.0,20,28,134.4,1,1049.0,0.169685414518889
472.0,315.0,0.0,262.0,0.0,0.0,0.0,178.0,21.0,1049.0,156.0,20,28,143.5,1,1049.0,0.169685414518889
472.0,315.0,0.0,262.0,0.0,0.0,0.0,178.0,21.0,1049.0,156.0,20,28,127.4,1,1049.0,0.169685414518889
472.0,315.0,0.0,262.0,0.0,0.0,0.0,178.0,21.0,1049.0,156.0,20,28,122.9,1,1049.0,0.169685414518889
472.0,315.0,0.0,262.0,0.0,0.0,0.0,178.0,21.0,1049.0,156.0,20,28,120.4,1,1049.0,0.169685414518889
850.0,0.0,112.5,137.5,0.0,0.0,0.0,176.0,8.0,1100.0,234.0,23,28,162.1,1,1100.0,0.15999999985454544
850.0,0.0,112.5,137.5,0.0,0.0,0.0,176.0,8.0,1100.0,234.0,23,28,162.8,1,1100.0,0.15999999985454544
700.0,0.0,150.0,50.0,0.0,0.0,0.0,180.0,30.0,1104.0,0.0,20,1,57.9,1,900.0,0.19999999977777777
700.0,0.0,150.0,50.0,0.0,0.0,0.0,180.0,30.0,1104.0,39.0,20,1,64.5,1,900.0,0.19999999977777777
700.0,0.0,150.0,50.0,0.0,0.0,0.0,180.0,30.0,1104.0,78.0,20,1,73.8,1,900.0,0.19999999977777777
700.0,0.0,150.0,50.0,0.0,0.0,0.0,180.0,30.0,1104.0,117.0,20,1,83.2,1,900.0,0.19999999977777777
700.0,0.0,150.0,50.0,0.0,0.0,0.0,180.0,30.0,1104.0,156.0,20,1,88.8,1,900.0,0.19999999977777777
700.0,0.0,150.0,50.0,0.0,0.0,0.0,180.0,30.0,1104.0,195.0,20,1,89.7,1,900.0,0.19999999977777777
700.0,0.0,150.0,50.0,0.0,0.0,0.0,180.0,30.0,1104.0,0.0,20,7,94.4,1,900.0,0.19999999977777777
700.0,0.0,150.0,50.0,0.0,0.0,0.0,180.0,30.0,1104.0,39.0,20,7,96.3,1,900.0,0.19999999977777777
700.0,0.0,150.0,50.0,0.0,0.0,0.0,180.0,30.0,1104.0,78.0,20,7,102.8,1,900.0,0.19999999977777777
700.0,0.0,150.0,50.0,0.0,0.0,0.0,180.0,30.0,1104.0,117.0,20,7,115.9,1,900.0,0.19999999977777777
700.0,0.0,150.0,50.0,0.0,0.0,0.0,180.0,30.0,1104.0,156.0,20,7,120.6,1,900.0,0.19999999977777777
700.0,0.0,150.0,50.0,0.0,0.0,0.0,180.0,30.0,1104.0,195.0,20,7,125.2,1,900.0,0.19999999977777777
700.0,0.0,150.0,50.0,0.0,0.0,0.0,180.0,30.0,1104.0,0.0,20,28,105.6,1,900.0,0.19999999977777777
700.0,0.0,150.0,50.0,0.0,0.0,0.0,180.0,30.0,1104.0,78.0,20,28,138.3,1,900.0,0.19999999977777777
700.0,0.0,150.0,50.0,0.0,0.0,0.0,180.0,30.0,1104.0,117.0,20,28,149.5,1,900.0,0.19999999977777777
700.0,0.0,150.0,50.0,0.0,0.0,0.0,180.0,30.0,1104.0,156.0,20,28,153.3,1,900.0,0.19999999977777777
700.0,0.0,150.0,50.0,0.0,0.0,0.0,180.0,30.0,1104.0,195.0,20,28,156.1,1,900.0,0.19999999977777777
741.0,0.0,0.0,185.0,64.75,194.25,0.0,185.0,9.0,815.0,156.0,30,1,76.0,1,1185.0,0.15611814332817034
741.0,0.0,0.0,185.0,129.5,129.5,0.0,185.0,9.0,815.0,156.0,30,1,78.0,1,1185.0,0.15611814332817034
741.0,0.0,0.0,185.0,194.25,64.75,0.0,185.0,9.0,815.0,156.0,30,1,82.0,1,1185.0,0.15611814332817034
741.0,0.0,0.0,185.0,259.0,0.0,0.0,185.0,9.0,815.0,0.0,30,1,82.0,1,1185.0,0.15611814332817034
741.0,0.0,0.0,185.0,0.0,259.0,0.0,185.0,9.0,815.0,156.0,30,3,117.0,1,1185.0,0.15611814332817034
741.0,0.0,0.0,185.0,64.75,194.25,0.0,185.0,9.0,815.0,156.0,30,3,118.0,1,1185.0,0.15611814332817034
741.0,0.0,0.0,185.0,129.5,129.5,0.0,185.0,9.0,815.0,156.0,30,3,111.0,1,1185.0,0.15611814332817034
741.0,0.0,0.0,185.0,194.25,64.75,0.0,185.0,9.0,815.0,156.0,30,3,116.0,1,1185.0,0.15611814332817034
741.0,0.0,0.0,185.0,259.0,0.0,0.0,185.0,9.0,815.0,0.0,30,3,115.0,1,1185.0,0.15611814332817034
741.0,0.0,0.0,185.0,0.0,259.0,0.0,185.0,9.0,815.0,156.0,30,7,144.0,1,1185.0,0.15611814332817034
741.0,0.0,0.0,185.0,64.75,194.25,0.0,185.0,9.0,815.0,156.0,30,7,142.0,1,1185.0,0.15611814332817034
741.0,0.0,0.0,185.0,194.25,64.75,0.0,185.0,9.0,815.0,156.0,30,7,138.0,1,1185.0,0.15611814332817034
741.0,0.0,0.0,185.0,64.75,194.25,0.0,185.0,9.0,815.0,156.0,30,28,159.0,1,1185.0,0.15611814332817034
741.0,0.0,0.0,185.0,129.5,129.5,0.0,185.0,9.0,815.0,156.0,30,28,160.0,1,1185.0,0.15611814332817034
741.0,0.0,0.0,185.0,194.25,64.75,0.0,185.0,9.0,815.0,156.0,30,28,158.0,1,1185.0,0.15611814332817034
741.0,0.0,0.0,185.0,259.0,0.0,0.0,185.0,9.0,815.0,0.0,30,28,155.0,1,1185.0,0.15611814332817034
741.0,0.0,0.0,185.0,0.0,259.0,0.0,185.0,9.0,815.0,156.0,30,90,165.0,1,1185.0,0.15611814332817034
741.0,0.0,0.0,185.0,64.75,194.25,0.0,185.0,9.0,815.0,156.0,30,90,171.0,1,1185.0,0.15611814332817034
741.0,0.0,0.0,185.0,129.5,129.5,0.0,185.0,9.0,815.0,156.0,30,90,167.0,1,1185.0,0.15611814332817034
741.0,0.0,0.0,185.0,194.25,64.75,0.0,185.0,9.0,815.0,156.0,30,90,168.0,1,1185.0,0.15611814332817034
890.0,0.0,0.0,222.0,0.0,0.0,0.0,222.0,29.7,799.0,117.0,23,28,130.3,1,1112.0,0.19964028759025151
933.0,0.0,0.0,233.0,0.0,0.0,0.0,168.0,37.6,1026.0,0.0,23,28,101.4,1,1166.0,0.14408233263800826
933.0,0.0,0.0,233.0,0.0,0.0,0.0,168.0,37.6,1026.0,0.0,23,28,116.2,1,1166.0,0.14408233263800826
850.0,0.0,0.0,260.0,0.0,212.0,0.0,170.0,45.0,850.0,156.0,23,28,170.4,1,1322.0,0.1285930407499296
850.0,0.0,0.0,260.0,0.0,212.0,0.0,170.0,45.0,850.0,156.0,23,28,184.0,1,1322.0,0.1285930407499296
950.0,0.0,0.0,234.0,0.0,95.0,0.0,215.0,12.7,1030.0,234.0,23,28,158.1,1,1279.0,0.168100078054652
950.0,0.0,0.0,234.0,0.0,95.0,0.0,215.0,12.7,1030.0,234.0,23,28,168.6,1,1279.0,0.168100078054652
850.0,0.0,0.0,260.0,0.0,212.0,0.0,170.0,45.0,850.0,156.0,23,28,180.8,1,1322.0,0.1285930407499296
850.0,0.0,0.0,260.0,0.0,212.0,0.0,170.0,45.0,850.0,156.0,23,28,192.2,1,1322.0,0.1285930407499296
850.0,0.0,0.0,260.0,0.0,212.0,0.0,170.0,45.0,850.0,156.0,23,28,206.6,1,1322.0,0.1285930407499296
850.0,0.0,0.0,260.0,0.0,212.0,0.0,170.0,45.0,850.0,156.0,23,28,185.2,1,1322.0,0.1285930407499296
850.0,0.0,0.0,260.0,0.0,212.0,0.0,170.0,45.0,850.0,156.0,23,28,198.5,1,1322.0,0.1285930407499296
850.0,0.0,0.0,260.0,0.0,212.0,0.0,170.0,45.0,850.0,156.0,23,28,188.2,1,1322.0,0.1285930407499296
850.0,0.0,0.0,260.0,0.0,212.0,0.0,170.0,45.0,850.0,156.0,23,28,202.2,1,1322.0,0.1285930407499296
850.0,0.0,0.0,260.0,0.0,212.0,0.0,170.0,45.0,850.0,156.0,23,28,193.5,1,1322.0,0.1285930407499296
850.0,0.0,0.0,260.0,0.0,212.0,0.0,170.0,45.0,850.0,156.0,23,28,203.9,1,1322.0,0.1285930407499296
850.0,0.0,0.0,260.0,0.0,212.0,0.0,170.0,45.0,850.0,156.0,23,28,197.9,1,1322.0,0.1285930407499296
850.0,0.0,0.0,260.0,0.0,212.0,0.0,170.0,45.0,850.0,156.0,23,28,201.2,1,1322.0,0.1285930407499296
850.0,0.0,0.0,260.0,0.0,212.0,0.0,170.0,45.0,850.0,156.0,23,28,206.2,1,1322.0,0.1285930407499296
850.0,0.0,0.0,260.0,0.0,212.0,0.0,170.0,45.0,850.0,156.0,23,28,205.6,1,1322.0,0.1285930407499296
850.0,0.0,0.0,260.0,0.0,212.0,0.0,170.0,45.0,850.0,156.0,23,28,199.9,1,1322.0,0.1285930407499296
850.0,0.0,0.0,260.0,0.0,212.0,0.0,170.0,45.0,850.0,156.0,23,28,195.2,1,1322.0,0.1285930407499296
850.0,0.0,0.0,260.0,0.0,212.0,0.0,170.0,45.0,850.0,156.0,23,28,190.2,1,1322.0,0.1285930407499296
850.0,0.0,0.0,260.0,0.0,212.0,0.0,170.0,45.0,850.0,156.0,23,28,208.2,1,1322.0,0.1285930407499296
850.0,0.0,0.0,260.0,0.0,212.0,0.0,170.0,45.0,850.0,156.0,23,28,181.0,1,1322.0,0.1285930407499296
850.0,0.0,0.0,260.0,0.0,212.0,0.0,170.0,45.0,850.0,156.0,23,28,192.2,1,1322.0,0.1285930407499296
850.0,0.0,0.0,260.0,0.0,212.0,0.0,170.0,45.0,850.0,156.0,23,28,206.78,1,1322.0,0.1285930407499296
850.0,0.0,0.0,260.0,0.0,212.0,0.0,170.0,45.0,850.0,156.0,23,28,182.4,1,1322.0,0.1285930407499296
850.0,0.0,0.0,260.0,0.0,212.0,0.0,170.0,45.0,850.0,156.0,23,28,194.9,1,1322.0,0.1285930407499296
850.0,0.0,0.0,260.0,0.0,212.0,0.0,170.0,45.0,850.0,156.0,23,28,207.8,1,1322.0,0.1285930407499296
850.0,0.0,0.0,260.0,0.0,212.0,0.0,170.0,45.0,850.0,156.0,23,28,186.1,1,1322.0,0.1285930407499296
850.0,0.0,0.0,260.0,0.0,212.0,0.0,170.0,45.0,850.0,156.0,23,28,196.9,1,1322.0,0.1285930407499296
850.0,0.0,0.0,260.0,0.0,212.0,0.0,170.0,45.0,850.0,156.0,23,28,186.8,1,1322.0,0.1285930407499296
850.0,0.0,0.0,260.0,0.0,212.0,0.0,170.0,45.0,850.0,156.0,23,28,197.6,1,1322.0,0.1285930407499296
850.0,0.0,0.0,260.0,0.0,212.0,0.0,170.0,45.0,850.0,156.0,23,28,187.5,1,1322.0,0.1285930407499296
850.0,0.0,0.0,260.0,0.0,212.0,0.0,170.0,45.0,850.0,156.0,23,28,200.0,1,1322.0,0.1285930407499296
850.0,0.0,0.0,260.0,0.0,212.0,0.0,170.0,45.0,850.0,156.0,23,28,173.2,1,1322.0,0.1285930407499296
850.0,0.0,0.0,260.0,0.0,212.0,0.0,170.0,45.0,850.0,156.0,23,28,184.4,1,1322.0,0.1285930407499296
850.0,0.0,0.0,260.0,0.0,212.0,0.0,170.0,45.0,850.0,156.0,23,28,196.9,1,1322.0,0.1285930407499296
850.0,0.0,0.0,260.0,0.0,212.0,0.0,170.0,45.0,850.0,156.0,23,28,181.0,1,1322.0,0.1285930407499296
850.0,0.0,0.0,260.0,0.0,212.0,0.0,170.0,45.0,850.0,156.0,23,28,191.2,1,1322.0,0.1285930407499296
850.0,0.0,0.0,260.0,0.0,212.0,0.0,170.0,45.0,850.0,156.0,23,28,176.6,1,1322.0,0.1285930407499296
850.0,0.0,0.0,260.0,0.0,212.0,0.0,170.0,45.0,850.0,156.0,23,28,182.4,1,1322.0,0.1285930407499296
850.0,0.0,0.0,260.0,0.0,212.0,0.0,170.0,45.0,850.0,156.0,23,28,172.9,1,1322.0,0.1285930407499296
850.0,0.0,0.0,260.0,0.0,212.0,0.0,170.0,45.0,850.0,156.0,23,28,181.7,1,1322.0,0.1285930407499296
850.0,0.0,0.0,260.0,0.0,212.0,0.0,170.0,45.0,850.0,156.0,23,28,171.2,1,1322.0,0.1285930407499296
850.0,0.0,0.0,260.0,0.0,212.0,0.0,170.0,45.0,850.0,156.0,23,28,180.3,1,1322.0,0.1285930407499296
850.0,0.0,0.0,260.0,0.0,212.0,0.0,170.0,45.0,850.0,156.0,23,28,174.6,1,1322.0,0.1285930407499296
788.5,0.0,0.0,197.1,0.0,0.0,0.0,160.3,50.0,1104.0,156.0,23,28,187.1,1,985.6,0.16264204528952717
788.5,0.0,0.0,197.1,0.0,0.0,0.0,160.3,50.0,1104.0,156.0,23,28,192.3,1,985.6,0.16264204528952717
788.5,0.0,0.0,197.1,0.0,0.0,0.0,160.3,50.0,1104.0,156.0,23,28,204.4,1,985.6,0.16264204528952717
833.0,0.0,0.0,208.0,0.0,0.0,0.0,208.0,25.0,1125.0,0.0,23,28,147.0,1,1041.0,0.19980787684936802
825.0,0.0,0.0,206.0,0.0,0.0,0.0,206.0,25.0,1114.0,78.0,23,28,145.5,1,1031.0,0.19980601338525117
817.0,0.0,0.0,204.0,0.0,0.0,0.0,204.0,25.0,1102.0,156.0,23,28,147.5,1,1021.0,0.19980411341840928
808.0,0.0,0.0,202.0,0.0,0.0,0.0,202.0,24.0,1091.0,234.0,23,28,165.7,1,1010.0,0.1999999998019802
800.0,0.0,0.0,200.0,0.0,200.0,0.0,200.0,9.6,880.0,0.0,20,7,101.5,1,1200.0,0.16666666652777776
800.0,0.0,0.0,100.0,0.0,200.0,0.0,200.0,9.6,980.0,0.0,20,7,111.4,1,1100.0,0.18181818165289254
800.0,0.0,0.0,200.0,0.0,100.0,0.0,200.0,9.6,980.0,0.0,20,7,108.6,1,1100.0,0.18181818165289254
800.0,0.0,0.0,200.0,0.0,0.0,0.0,200.0,14.4,1080.0,0.0,20,7,111.0,1,1000.0,0.1999999998
800.0,0.0,0.0,200.0,0.0,200.0,0.0,200.0,9.6,880.0,0.0,20,28,141.3,1,1200.0,0.16666666652777776
800.0,0.0,0.0,100.0,0.0,200.0,0.0,200.0,9.6,980.0,0.0,20,28,147.3,1,1100.0,0.18181818165289254
800.0,0.0,0.0,200.0,0.0,100.0,0.0,200.0,9.6,980.0,0.0,20,28,146.5,1,1100.0,0.18181818165289254
800.0,0.0,0.0,200.0,0.0,0.0,0.0,200.0,14.4,1080.0,0.0,20,28,159.2,1,1000.0,0.1999999998
800.0,0.0,0.0,200.0,0.0,200.0,0.0,200.0,9.6,880.0,0.0,20,90,163.3,1,1200.0,0.16666666652777776
800.0,0.0,0.0,100.0,0.0,200.0,0.0,200.0,9.6,980.0,0.0,20,90,166.4,1,1100.0,0.18181818165289254
800.0,0.0,0.0,200.0,0.0,100.0,0.0,200.0,9.6,980.0,0.0,20,90,175.9,1,1100.0,0.18181818165289254
800.0,0.0,0.0,100.0,0.0,200.0,0.0,200.0,9.6,980.0,0.0,20,90,141.1,1,1100.0,0.18181818165289254
950.0,0.0,0.0,255.0,0.0,0.0,0.0,189.0,31.0,873.0,0.0,23,7,104.2,1,1205.0,0.1568464728988826
941.5,0.0,0.0,255.0,0.0,0.0,9.5,189.0,31.0,873.0,0.0,23,7,109.8,1,1206.0,0.15671641778050047
932.0,0.0,0.0,255.0,0.0,0.0,19.0,189.0,31.0,873.0,0.0,23,7,112.6,1,1206.0,0.15671641778050047
921.5,0.0,0.0,255.0,0.0,0.0,28.5,189.0,31.0,873.0,0.0,23,7,119.4,1,1205.0,0.1568464728988826
912.0,0.0,0.0,255.0,0.0,0.0,38.0,189.0,31.0,873.0,0.0,23,7,114.3,1,1205.0,0.1568464728988826
950.0,0.0,0.0,255.0,0.0,0.0,0.0,189.0,31.0,873.0,0.0,23,28,132.5,1,1205.0,0.1568464728988826
941.5,0.0,0.0,255.0,0.0,0.0,9.5,189.0,31.0,873.0,0.0,23,28,135.8,1,1206.0,0.15671641778050047
932.0,0.0,0.0,255.0,0.0,0.0,19.0,189.0,31.0,873.0,0.0,23,28,137.0,1,1206.0,0.15671641778050047
921.5,0.0,0.0,255.0,0.0,0.0,28.5,189.0,31.0,873.0,0.0,23,28,143.2,1,1205.0,0.1568464728988826
912.0,0.0,0.0,255.0,0.0,0.0,38.0,189.0,31.0,873.0,0.0,23,28,139.2,1,1205.0,0.1568464728988826
950.0,0.0,0.0,255.0,0.0,0.0,0.0,189.0,31.0,873.0,0.0,23,90,138.7,1,1205.0,0.1568464728988826
941.5,0.0,0.0,255.0,0.0,0.0,9.5,189.0,31.0,873.0,0.0,23,90,139.8,1,1206.0,0.15671641778050047
932.0,0.0,0.0,255.0,0.0,0.0,19.0,189.0,31.0,873.0,0.0,23,90,141.5,1,1206.0,0.15671641778050047
921.5,0.0,0.0,255.0,0.0,0.0,28.5,189.0,31.0,873.0,0.0,23,90,147.7,1,1205.0,0.1568464728988826
912.0,0.0,0.0,255.0,0.0,0.0,38.0,189.0,31.0,873.0,0.0,23,90,140.4,1,1205.0,0.1568464728988826
800.0,0.0,0.0,0.0,0.0,0.0,0.0,160.0,21.6,1471.3,0.0,23,1,92.2,1,800.0,0.19999999975
796.0,0.0,0.0,0.0,0.0,0.0,4.0,160.0,25.2,1461.1,0.0,23,1,82.8,1,800.0,0.19999999975
792.0,0.0,0.0,0.0,0.0,0.0,8.0,160.0,28.8,1450.8,0.0,23,1,78.9,1,800.0,0.19999999975
784.0,0.0,0.0,0.0,0.0,0.0,16.0,160.0,36.0,1430.2,0.0,23,1,77.9,1,800.0,0.19999999975
776.0,0.0,0.0,0.0,0.0,0.0,24.0,160.0,43.2,1409.7,0.0,23,1,75.6,1,800.0,0.19999999975
720.0,0.0,0.0,80.0,0.0,0.0,0.0,160.0,29.6,1422.9,0.0,23,1,81.8,1,800.0,0.19999999975
716.0,0.0,0.0,80.0,0.0,0.0,4.0,160.0,33.6,1411.6,0.0,23,1,77.8,1,800.0,0.19999999975
712.0,0.0,0.0,80.0,0.0,0.0,8.0,160.0,37.6,1400.3,0.0,23,1,69.4,1,800.0,0.19999999975
704.0,0.0,0.0,80.0,0.0,0.0,16.0,160.0,44.8,1379.8,0.0,23,1,61.5,1,800.0,0.19999999975
696.0,0.0,0.0,80.0,0.0,0.0,24.0,160.0,52.0,1359.2,0.0,23,1,56.7,1,800.0,0.19999999975
800.0,0.0,0.0,0.0,0.0,0.0,0.0,160.0,21.6,1471.3,0.0,23,3,103.9,1,800.0,0.19999999975
796.0,0.0,0.0,0.0,0.0,0.0,4.0,160.0,25.2,1461.1,0.0,23,3,100.2,1,800.0,0.19999999975
792.0,0.0,0.0,0.0,0.0,0.0,8.0,160.0,28.8,1450.8,0.0,23,3,99.3,1,800.0,0.19999999975
784.0,0.0,0.0,0.0,0.0,0.0,16.0,160.0,36.0,1430.2,0.0,23,3,95.4,1,800.0,0.19999999975
776.0,0.0,0.0,0.0,0.0,0.0,24.0,160.0,43.2,1409.7,0.0,23,3,94.5,1,800.0,0.19999999975
720.0,0.0,0.0,80.0,0.0,0.0,0.0,160.0,29.6,1422.9,0.0,23,3,91.2,1,800.0,0.19999999975
716.0,0.0,0.0,80.0,0.0,0.0,4.0,160.0,33.6,1411.6,0.0,23,3,87.9,1,800.0,0.19999999975
712.0,0.0,0.0,80.0,0.0,0.0,8.0,160.0,37.6,1400.3,0.0,23,3,86.3,1,800.0,0.19999999975
704.0,0.0,0.0,80.0,0.0,0.0,16.0,160.0,44.8,1379.8,0.0,23,3,85.3,1,800.0,0.19999999975
696.0,0.0,0.0,80.0,0.0,0.0,24.0,160.0,52.0,1359.2,0.0,23,3,84.3,1,800.0,0.19999999975
800.0,0.0,0.0,0.0,0.0,0.0,0.0,160.0,21.6,1471.3,0.0,23,7,108.0,1,800.0,0.19999999975
796.0,0.0,0.0,0.0,0.0,0.0,4.0,160.0,25.2,1461.1,0.0,23,7,108.7,1,800.0,0.19999999975
792.0,0.0,0.0,0.0,0.0,0.0,8.0,160.0,28.8,1450.8,0.0,23,7,109.0,1,800.0,0.19999999975
784.0,0.0,0.0,0.0,0.0,0.0,16.0,160.0,36.0,1430.2,0.0,23,7,109.2,1,800.0,0.19999999975
776.0,0.0,0.0,0.0,0.0,0.0,24.0,160.0,43.2,1409.7,0.0,23,7,106.9,1,800.0,0.19999999975
720.0,0.0,0.0,80.0,0.0,0.0,0.0,160.0,29.6,1422.9,0.0,23,7,104.3,1,800.0,0.19999999975
716.0,0.0,0.0,80.0,0.0,0.0,4.0,160.0,33.6,1411.6,0.0,23,7,105.1,1,800.0,0.19999999975
712.0,0.0,0.0,80.0,0.0,0.0,8.0,160.0,37.6,1400.3,0.0,23,7,106.2,1,800.0,0.19999999975
704.0,0.0,0.0,80.0,0.0,0.0,16.0,160.0,44.8,1379.8,0.0,23,7,107.1,1,800.0,0.19999999975
696.0,0.0,0.0,80.0,0.0,0.0,24.0,160.0,52.0,1359.2,0.0,23,7,102.2,1,800.0,0.19999999975
800.0,0.0,0.0,0.0,0.0,0.0,0.0,160.0,21.6,1471.3,0.0,23,14,112.4,1,800.0,0.19999999975
796.0,0.0,0.0,0.0,0.0,0.0,4.0,160.0,25.2,1461.1,0.0,23,14,113.1,1,800.0,0.19999999975
792.0,0.0,0.0,0.0,0.0,0.0,8.0,160.0,28.8,1450.8,0.0,23,14,114.3,1,800.0,0.19999999975
784.0,0.0,0.0,0.0,0.0,0.0,16.0,160.0,36.0,1430.2,0.0,23,14,115.6,1,800.0,0.19999999975
776.0,0.0,0.0,0.0,0.0,0.0,24.0,160.0,43.2,1409.7,0.0,23,14,111.5,1,800.0,0.19999999975
720.0,0.0,0.0,80.0,0.0,0.0,0.0,160.0,29.6,1422.9,0.0,23,14,116.2,1,800.0,0.19999999975
716.0,0.0,0.0,80.0,0.0,0.0,4.0,160.0,33.6,1411.6,0.0,23,14,118.5,1,800.0,0.19999999975
712.0,0.0,0.0,80.0,0.0,0.0,8.0,160.0,37.6,1400.3,0.0,23,14,123.0,1,800.0,0.19999999975
704.0,0.0,0.0,80.0,0.0,0.0,16.0,160.0,44.8,1379.8,0.0,23,14,126.0,1,800.0,0.19999999975
696.0,0.0,0.0,80.0,0.0,0.0,24.0,160.0,52.0,1359.2,0.0,23,14,119.2,1,800.0,0.19999999975
800.0,0.0,0.0,0.0,0.0,0.0,0.0,160.0,21.6,1471.3,0.0,23,28,115.4,1,800.0,0.19999999975
796.0,0.0,0.0,0.0,0.0,0.0,4.0,160.0,25.2,1461.1,0.0,23,28,116.8,1,800.0,0.19999999975
792.0,0.0,0.0,0.0,0.0,0.0,8.0,160.0,28.8,1450.8,0.0,23,28,120.9,1,800.0,0.19999999975
784.0,0.0,0.0,0.0,0.0,0.0,16.0,160.0,36.0,1430.2,0.0,23,28,123.4,1,800.0,0.19999999975
776.0,0.0,0.0,0.0,0.0,0.0,24.0,160.0,43.2,1409.7,0.0,23,28,119.1,1,800.0,0.19999999975
720.0,0.0,0.0,80.0,0.0,0.0,0.0,160.0,29.6,1422.9,0.0,23,28,120.7,1,800.0,0.19999999975
716.0,0.0,0.0,80.0,0.0,0.0,4.0,160.0,33.6,1411.6,0.0,23,28,125.0,1,800.0,0.19999999975
712.0,0.0,0.0,80.0,0.0,0.0,8.0,160.0,37.6,1400.3,0.0,23,28,130.1,1,800.0,0.19999999975
704.0,0.0,0.0,80.0,0.0,0.0,16.0,160.0,44.8,1379.8,0.0,23,28,131.8,1,800.0,0.19999999975
696.0,0.0,0.0,80.0,0.0,0.0,24.0,160.0,52.0,1359.2,0.0,23,28,127.3,1,800.0,0.19999999975
800.0,0.0,0.0,0.0,0.0,0.0,0.0,160.0,21.6,1471.3,0.0,23,56,119.3,1,800.0,0.19999999975
796.0,0.0,0.0,0.0,0.0,0.0,4.0,160.0,25.2,1461.1,0.0,23,56,120.9,1,800.0,0.19999999975
792.0,0.0,0.0,0.0,0.0,0.0,8.0,160.0,28.8,1450.8,0.0,23,56,123.4,1,800.0,0.19999999975
784.0,0.0,0.0,0.0,0.0,0.0,16.0,160.0,36.0,1430.2,0.0,23,56,126.0,1,800.0,0.19999999975
776.0,0.0,0.0,0.0,0.0,0.0,24.0,160.0,43.2,1409.7,0.0,23,56,122.3,1,800.0,0.19999999975
720.0,0.0,0.0,80.0,0.0,0.0,0.0,160.0,29.6,1422.9,0.0,23,56,124.2,1,800.0,0.19999999975
716.0,0.0,0.0,80.0,0.0,0.0,4.0,160.0,33.6,1411.6,0.0,23,56,128.8,1,800.0,0.19999999975
712.0,0.0,0.0,80.0,0.0,0.0,8.0,160.0,37.6,1400.3,0.0,23,56,134.8,1,800.0,0.19999999975
704.0,0.0,0.0,80.0,0.0,0.0,16.0,160.0,44.8,1379.8,0.0,23,56,137.4,1,800.0,0.19999999975
696.0,0.0,0.0,80.0,0.0,0.0,24.0,160.0,52.0,1359.2,0.0,23,56,131.8,1,800.0,0.19999999975
800.0,0.0,0.0,0.0,0.0,0.0,0.0,160.0,21.6,1471.3,0.0,23,90,124.1,1,800.0,0.19999999975
796.0,0.0,0.0,0.0,0.0,0.0,4.0,160.0,25.2,1461.1,0.0,23,90,125.7,1,800.0,0.19999999975
792.0,0.0,0.0,0.0,0.0,0.0,8.0,160.0,28.8,1450.8,0.0,23,90,130.6,1,800.0,0.19999999975
784.0,0.0,0.0,0.0,0.0,0.0,16.0,160.0,36.0,1430.2,0.0,23,90,133.3,1,800.0,0.19999999975
776.0,0.0,0.0,0.0,0.0,0.0,24.0,160.0,43.2,1409.7,0.0,23,90,129.9,1,800.0,0.19999999975
720.0,0.0,0.0,80.0,0.0,0.0,0.0,160.0,29.6,1422.9,0.0,23,90,130.3,1,800.0,0.19999999975
716.0,0.0,0.0,80.0,0.0,0.0,4.0,160.0,33.6,1411.6,0.0,23,90,132.8,1,800.0,0.19999999975
712.0,0.0,0.0,80.0,0.0,0.0,8.0,160.0,37.6,1400.3,0.0,23,90,137.9,1,800.0,0.19999999975
704.0,0.0,0.0,80.0,0.0,0.0,16.0,160.0,44.8,1379.8,0.0,23,90,141.6,1,800.0,0.19999999975
696.0,0.0,0.0,80.0,0.0,0.0,24.0,160.0,52.0,1359.2,0.0,23,90,138.3,1,800.0,0.19999999975
550.0,0.0,0.0,0.0,0.0,0.0,0.0,192.5,1.1,1695.0,0.0,21,3,32.5,1,550.0,0.34999999936363635
545.875,0.0,0.0,0.0,0.0,0.0,4.125,192.5,4.4,1685.0,0.0,21,3,35.3,1,550.0,0.34999999936363635
541.75,0.0,0.0,0.0,0.0,0.0,8.25,192.5,6.6,1678.0,0.0,21,3,39.5,1,550.0,0.34999999936363635
545.875,0.0,0.0,0.0,0.0,0.0,4.125,192.5,4.4,1685.0,0.0,21,3,37.1,1,550.0,0.34999999936363635
541.75,0.0,0.0,0.0,0.0,0.0,8.25,192.5,6.6,1678.0,0.0,21,3,39.1,1,550.0,0.34999999936363635
550.0,0.0,0.0,0.0,0.0,0.0,0.0,165.0,3.85,1762.0,0.0,21,3,45.0,1,550.0,0.2999999994545455
545.875,0.0,0.0,0.0,0.0,0.0,4.125,165.0,6.6,1754.0,0.0,21,3,46.4,1,550.0,0.2999999994545455
541.75,0.0,0.0,0.0,0.0,0.0,8.25,165.0,8.25,1748.0,0.0,21,3,51.6,1,550.0,0.2999999994545455
545.875,0.0,0.0,0.0,0.0,0.0,4.125,165.0,6.6,1754.0,0.0,21,3,45.4,1,550.0,0.2999999994545455
541.75,0.0,0.0,0.0,0.0,0.0,8.25,165.0,8.25,1748.0,0.0,21,3,42.2,1,550.0,0.2999999994545455
550.0,0.0,0.0,0.0,0.0,0.0,0.0,137.5,6.6,1830.0,0.0,21,3,58.9,1,550.0,0.24999999954545454
545.875,0.0,0.0,0.0,0.0,0.0,4.125,137.5,9.9,1820.0,0.0,21,3,59.8,1,550.0,0.24999999954545454
541.75,0.0,0.0,0.0,0.0,0.0,8.25,137.5,12.65,1812.0,0.0,21,3,63.3,1,550.0,0.24999999954545454
545.875,0.0,0.0,0.0,0.0,0.0,4.125,137.5,9.9,1820.0,0.0,21,3,56.1,1,550.0,0.24999999954545454
541.75,0.0,0.0,0.0,0.0,0.0,8.25,137.5,12.65,1812.0,0.0,21,3,53.1,1,550.0,0.24999999954545454
550.0,0.0,0.0,0.0,0.0,0.0,0.0,192.5,1.1,1695.0,0.0,21,7,40.9,1,550.0,0.34999999936363635
545.875,0.0,0.0,0.0,0.0,0.0,4.125,192.5,4.4,1685.0,0.0,21,7,44.9,1,550.0,0.34999999936363635
541.75,0.0,0.0,0.0,0.0,0.0,8.25,192.5,6.6,1678.0,0.0,21,7,51.3,1,550.0,0.34999999936363635
545.875,0.0,0.0,0.0,0.0,0.0,4.125,192.5,4.4,1685.0,0.0,21,7,45.7,1,550.0,0.34999999936363635
541.75,0.0,0.0,0.0,0.0,0.0,8.25,192.5,6.6,1678.0,0.0,21,7,49.3,1,550.0,0.34999999936363635
550.0,0.0,0.0,0.0,0.0,0.0,0.0,165.0,3.85,1762.0,0.0,21,7,57.2,1,550.0,0.2999999994545455
545.875,0.0,0.0,0.0,0.0,0.0,4.125,165.0,6.6,1754.0,0.0,21,7,59.7,1,550.0,0.2999999994545455
541.75,0.0,0.0,0.0,0.0,0.0,8.25,165.0,8.25,1748.0,0.0,21,7,60.1,1,550.0,0.2999999994545455
545.875,0.0,0.0,0.0,0.0,0.0,4.125,165.0,6.6,1754.0,0.0,21,7,52.5,1,550.0,0.2999999994545455
541.75,0.0,0.0,0.0,0.0,0.0,8.25,165.0,8.25,1748.0,0.0,21,7,50.1,1,550.0,0.2999999994545455
550.0,0.0,0.0,0.0,0.0,0.0,0.0,137.5,6.6,1830.0,0.0,21,7,71.6,1,550.0,0.24999999954545454
545.875,0.0,0.0,0.0,0.0,0.0,4.125,137.5,9.9,1820.0,0.0,21,7,76.0,1,550.0,0.24999999954545454
541.75,0.0,0.0,0.0,0.0,0.0,8.25,137.5,12.65,1812.0,0.0,21,7,75.0,1,550.0,0.24999999954545454
545.875,0.0,0.0,0.0,0.0,0.0,4.125,137.5,9.9,1820.0,0.0,21,7,69.0,1,550.0,0.24999999954545454
541.75,0.0,0.0,0.0,0.0,0.0,8.25,137.5,12.65,1812.0,0.0,21,7,67.8,1,550.0,0.24999999954545454
545.875,0.0,0.0,0.0,0.0,0.0,4.125,192.5,4.4,1685.0,0.0,21,28,53.4,1,550.0,0.34999999936363635
541.75,0.0,0.0,0.0,0.0,0.0,8.25,192.5,6.6,1678.0,0.0,21,28,61.8,1,550.0,0.34999999936363635
545.875,0.0,0.0,0.0,0.0,0.0,4.125,192.5,4.4,1685.0,0.0,21,28,54.5,1,550.0,0.34999999936363635
541.75,0.0,0.0,0.0,0.0,0.0,8.25,192.5,6.6,1678.0,0.0,21,28,61.0,1,550.0,0.34999999936363635
550.0,0.0,0.0,0.0,0.0,0.0,0.0,165.0,3.85,1762.0,0.0,21,28,67.2,1,550.0,0.2999999994545455
545.875,0.0,0.0,0.0,0.0,0.0,4.125,165.0,6.6,1754.0,0.0,21,28,64.4,1,550.0,0.2999999994545455
541.75,0.0,0.0,0.0,0.0,0.0,8.25,165.0,8.25,1748.0,0.0,21,28,72.6,1,550.0,0.2999999994545455
545.875,0.0,0.0,0.0,0.0,0.0,4.125,165.0,6.6,1754.0,0.0,21,28,64.2,1,550.0,0.2999999994545455
541.75,0.0,0.0,0.0,0.0,0.0,8.25,165.0,8.25,1748.0,0.0,21,28,62.9,1,550.0,0.2999999994545455
550.0,0.0,0.0,0.0,0.0,0.0,0.0,137.5,6.6,1830.0,0.0,21,28,85.5,1,550.0,0.24999999954545454
545.875,0.0,0.0,0.0,0.0,0.0,4.125,137.5,9.9,1820.0,0.0,21,28,86.7,1,550.0,0.24999999954545454
541.75,0.0,0.0,0.0,0.0,0.0,8.25,137.5,12.65,1812.0,0.0,21,28,85.0,1,550.0,0.24999999954545454
545.875,0.0,0.0,0.0,0.0,0.0,4.125,137.5,9.9,1820.0,0.0,21,28,83.6,1,550.0,0.24999999954545454
541.75,0.0,0.0,0.0,0.0,0.0,8.25,137.5,12.65,1812.0,0.0,21,28,84.7,1,550.0,0.24999999954545454
545.875,0.0,0.0,0.0,0.0,0.0,4.125,192.5,4.4,1685.0,0.0,21,90,62.0,1,550.0,0.34999999936363635
541.75,0.0,0.0,0.0,0.0,0.0,8.25,192.5,6.6,1678.0,0.0,21,90,65.9,1,550.0,0.34999999936363635
545.875,0.0,0.0,0.0,0.0,0.0,4.125,192.5,4.4,1685.0,0.0,21,90,58.4,1,550.0,0.34999999936363635
541.75,0.0,0.0,0.0,0.0,0.0,8.25,192.5,6.6,1678.0,0.0,21,90,65.3,1,550.0,0.34999999936363635
550.0,0.0,0.0,0.0,0.0,0.0,0.0,165.0,3.85,1762.0,0.0,21,90,74.3,1,550.0,0.2999999994545455
545.875,0.0,0.0,0.0,0.0,0.0,4.125,165.0,6.6,1754.0,0.0,21,90,75.1,1,550.0,0.2999999994545455
541.75,0.0,0.0,0.0,0.0,0.0,8.25,165.0,8.25,1748.0,0.0,21,90,76.9,1,550.0,0.2999999994545455
545.875,0.0,0.0,0.0,0.0,0.0,4.125,165.0,6.6,1754.0,0.0,21,90,71.9,1,550.0,0.2999999994545455
541.75,0.0,0.0,0.0,0.0,0.0,8.25,165.0,8.25,1748.0,0.0,21,90,70.8,1,550.0,0.2999999994545455
550.0,0.0,0.0,0.0,0.0,0.0,0.0,137.5,6.6,1830.0,0.0,21,90,93.8,1,550.0,0.24999999954545454
545.875,0.0,0.0,0.0,0.0,0.0,4.125,137.5,9.9,1820.0,0.0,21,90,95.0,1,550.0,0.24999999954545454
541.75,0.0,0.0,0.0,0.0,0.0,8.25,137.5,12.65,1812.0,0.0,21,90,91.2,1,550.0,0.24999999954545454
545.875,0.0,0.0,0.0,0.0,0.0,4.125,137.5,9.9,1820.0,0.0,21,90,90.0,1,550.0,0.24999999954545454
541.75,0.0,0.0,0.0,0.0,0.0,8.25,137.5,12.65,1812.0,0.0,21,90,92.6,1,550.0,0.24999999954545454
950.0,0.0,0.0,200.0,0.0,350.0,0.0,230.0,53.0,570.0,234.0,20,28,140.7,1,1500.0,0.1533333332311111
931.0,0.0,0.0,200.0,0.0,350.0,19.0,230.0,53.0,570.0,234.0,20,28,150.6,1,1500.0,0.1533333332311111
902.5,0.0,0.0,200.0,0.0,350.0,47.5,230.0,53.0,570.0,234.0,20,28,148.4,1,1500.0,0.1533333332311111
950.0,0.0,0.0,200.0,0.0,350.0,0.0,230.0,53.0,690.0,234.0,20,28,144.7,1,1500.0,0.1533333332311111
931.0,0.0,0.0,200.0,0.0,350.0,19.0,230.0,53.0,690.0,234.0,20,28,155.4,1,1500.0,0.1533333332311111
902.5,0.0,0.0,200.0,0.0,350.0,47.5,230.0,53.0,690.0,234.0,20,28,142.4,1,1500.0,0.1533333332311111
950.0,0.0,0.0,200.0,0.0,350.0,0.0,230.0,53.0,810.0,234.0,20,28,144.5,1,1500.0,0.1533333332311111
902.5,0.0,0.0,200.0,0.0,350.0,47.5,230.0,53.0,810.0,234.0,20,28,137.2,1,1500.0,0.1533333332311111
863.0,0.0,0.0,216.0,0.0,0.0,0.0,177.0,32.37,923.0,0.0,20,7,88.9,1,1079.0,0.16404077834657943
647.0,216.0,0.0,216.0,0.0,0.0,0.0,177.0,32.37,923.0,0.0,20,7,86.7,1,1079.0,0.16404077834657943
432.0,216.0,216.0,216.0,0.0,0.0,0.0,177.0,32.4,923.0,0.0,20,7,79.2,1,1080.0,0.1638888887371399
829.0,0.0,0.0,216.0,0.0,0.0,34.5,177.0,32.39,923.0,0.0,20,7,91.1,1,1079.5,0.16396479836594274
852.0,0.0,0.0,216.0,0.0,0.0,10.8,177.0,32.36,923.0,0.0,20,7,101.9,1,1078.8,0.1640711900592592
863.0,0.0,0.0,216.0,0.0,0.0,0.0,177.0,32.37,923.0,156.0,20,7,103.7,1,1079.0,0.16404077834657943
647.0,216.0,0.0,216.0,0.0,0.0,0.0,177.0,32.37,923.0,156.0,20,7,118.1,1,1079.0,0.16404077834657943
647.0,0.0,216.0,216.0,0.0,0.0,0.0,177.0,32.37,923.0,156.0,20,7,118.7,1,1079.0,0.16404077834657943
432.0,216.0,216.0,216.0,0.0,0.0,0.0,177.0,32.4,923.0,156.0,20,7,117.6,1,1080.0,0.1638888887371399
829.0,0.0,0.0,216.0,0.0,0.0,34.5,177.0,32.39,923.0,156.0,20,7,118.7,1,1079.5,0.16396479836594274
852.0,0.0,0.0,216.0,0.0,0.0,10.8,177.0,32.36,923.0,156.0,20,7,122.6,1,1078.8,0.1640711900592592
863.0,0.0,0.0,216.0,0.0,0.0,0.0,177.0,32.37,923.0,0.0,20,28,104.1,1,1079.0,0.16404077834657943
647.0,216.0,0.0,216.0,0.0,0.0,0.0,177.0,32.37,923.0,0.0,20,28,109.0,1,1079.0,0.16404077834657943
647.0,0.0,216.0,216.0,0.0,0.0,0.0,177.0,32.37,923.0,0.0,20,28,109.0,1,1079.0,0.16404077834657943
432.0,216.0,216.0,216.0,0.0,0.0,0.0,177.0,32.4,923.0,0.0,20,28,103.0,1,1080.0,0.1638888887371399
829.0,0.0,0.0,216.0,0.0,0.0,34.5,177.0,32.39,923.0,0.0,20,28,113.9,1,1079.5,0.16396479836594274
852.0,0.0,0.0,216.0,0.0,0.0,10.8,177.0,32.36,923.0,0.0,20,28,113.3,1,1078.8,0.1640711900592592
863.0,0.0,0.0,216.0,0.0,0.0,0.0,177.0,32.37,923.0,156.0,20,28,142.1,1,1079.0,0.16404077834657943
647.0,216.0,0.0,216.0,0.0,0.0,0.0,177.0,32.37,923.0,156.0,20,28,157.2,1,1079.0,0.16404077834657943
647.0,0.0,216.0,216.0,0.0,0.0,0.0,177.0,32.37,923.0,156.0,20,28,156.0,1,1079.0,0.16404077834657943
432.0,216.0,216.0,216.0,0.0,0.0,0.0,177.0,32.4,923.0,156.0,20,28,154.4,1,1080.0,0.1638888887371399
829.0,0.0,0.0,216.0,0.0,0.0,34.5,177.0,32.39,923.0,156.0,20,28,156.0,1,1079.5,0.16396479836594274
852.0,0.0,0.0,216.0,0.0,0.0,10.8,177.0,32.36,923.0,156.0,20,28,154.4,1,1078.8,0.1640711900592592
900.0,0.0,0.0,220.0,0.0,0.0,0.0,163.0,40.0,1005.0,156.0,23,7,124.1,1,1120.0,0.14553571415577166
900.0,0.0,55.0,165.0,0.0,0.0,0.0,163.0,40.0,1021.0,156.0,23,7,115.5,1,1120.0,0.14553571415577166
900.0,0.0,110.0,110.0,0.0,0.0,0.0,163.0,40.0,1036.0,156.0,23,7,113.5,1,1120.0,0.14553571415577166
810.0,0.0,90.0,220.0,0.0,0.0,0.0,163.0,40.0,1002.0,156.0,23,7,116.0,1,1120.0,0.14553571415577166
720.0,0.0,180.0,220.0,0.0,0.0,0.0,163.0,40.0,998.0,156.0,23,7,116.5,1,1120.0,0.14553571415577166
630.0,0.0,270.0,220.0,0.0,0.0,0.0,163.0,40.0,994.0,156.0,23,7,110.0,1,1120.0,0.14553571415577166
900.0,0.0,0.0,220.0,0.0,0.0,0.0,163.0,40.0,1005.0,156.0,23,14,132.9,1,1120.0,0.14553571415577166
900.0,0.0,55.0,165.0,0.0,0.0,0.0,163.0,40.0,1021.0,156.0,23,14,123.0,1,1120.0,0.14553571415577166
900.0,0.0,110.0,110.0,0.0,0.0,0.0,163.0,40.0,1036.0,156.0,23,14,122.0,1,1120.0,0.14553571415577166
810.0,0.0,90.0,220.0,0.0,0.0,0.0,163.0,40.0,1002.0,156.0,23,14,125.3,1,1120.0,0.14553571415577166
720.0,0.0,180.0,220.0,0.0,0.0,0.0,163.0,40.0,998.0,156.0,23,14,125.1,1,1120.0,0.14553571415577166
630.0,0.0,270.0,220.0,0.0,0.0,0.0,163.0,40.0,994.0,156.0,23,14,124.5,1,1120.0,0.14553571415577166
900.0,0.0,0.0,220.0,0.0,0.0,0.0,163.0,40.0,1005.0,156.0,23,28,143.0,1,1120.0,0.14553571415577166
900.0,0.0,55.0,165.0,0.0,0.0,0.0,163.0,40.0,1021.0,156.0,23,28,138.8,1,1120.0,0.14553571415577166
900.0,0.0,110.0,110.0,0.0,0.0,0.0,163.0,40.0,1036.0,156.0,23,28,138.2,1,1120.0,0.14553571415577166
810.0,0.0,90.0,220.0,0.0,0.0,0.0,163.0,40.0,1002.0,156.0,23,28,140.4,1,1120.0,0.14553571415577166
720.0,0.0,180.0,220.0,0.0,0.0,0.0,163.0,40.0,998.0,156.0,23,28,132.2,1,1120.0,0.14553571415577166
630.0,0.0,270.0,220.0,0.0,0.0,0.0,163.0,40.0,994.0,156.0,23,28,130.6,1,1120.0,0.14553571415577166
900.0,0.0,0.0,220.0,0.0,0.0,0.0,163.0,40.0,1005.0,156.0,23,56,161.6,1,1120.0,0.14553571415577166
900.0,0.0,55.0,165.0,0.0,0.0,0.0,163.0,40.0,1021.0,156.0,23,56,154.8,1,1120.0,0.14553571415577166
900.0,0.0,110.0,110.0,0.0,0.0,0.0,163.0,40.0,1036.0,156.0,23,56,152.4,1,1120.0,0.14553571415577166
810.0,0.0,90.0,220.0,0.0,0.0,0.0,163.0,40.0,1002.0,156.0,23,56,157.2,1,1120.0,0.14553571415577166
720.0,0.0,180.0,220.0,0.0,0.0,0.0,163.0,40.0,998.0,156.0,23,56,153.7,1,1120.0,0.14553571415577166
630.0,0.0,270.0,220.0,0.0,0.0,0.0,163.0,40.0,994.0,156.0,23,56,151.0,1,1120.0,0.14553571415577166
666.4,35.1,0.0,210.5,0.0,259.6,0.0,164.2,17.5,820.8,156.0,90,28,144.7,1,1171.6,0.14015022179912065
631.4,70.1,0.0,210.5,0.0,259.6,0.0,164.2,17.5,820.8,156.0,90,28,159.1,1,1171.6,0.14015022179912065
596.3,105.2,0.0,210.5,0.0,259.6,0.0,164.2,17.5,820.8,156.0,90,28,147.4,1,1171.6,0.14015022179912065
561.2,140.3,0.0,210.5,0.0,259.6,0.0,164.2,17.5,820.8,156.0,90,28,139.6,1,1171.6,0.14015022179912065
526.1,175.4,0.0,210.5,0.0,259.6,0.0,164.2,17.5,820.8,156.0,90,28,130.6,1,1171.6,0.14015022179912065
701.5,0.0,0.0,210.5,0.0,259.6,0.0,164.2,17.5,820.8,156.0,200,28,161.9,1,1171.6,0.14015022179912065
666.4,35.1,0.0,210.5,0.0,259.6,0.0,164.2,17.5,820.8,156.0,200,28,170.1,1,1171.6,0.14015022179912065
631.4,70.1,0.0,210.5,0.0,259.6,0.0,164.2,17.5,820.8,156.0,200,28,175.9,1,1171.6,0.14015022179912065
561.2,140.3,0.0,210.5,0.0,259.6,0.0,164.2,17.5,820.8,156.0,200,28,179.1,1,1171.6,0.14015022179912065
620.2,0.0,164.9,114.2,0.0,0.0,0.0,161.9,36.0,1277.5,156.0,20,1,91.1,1,899.3000000000001,0.18002891117532646
558.1,62.0,164.9,114.2,0.0,0.0,0.0,161.9,36.0,1276.6,156.0,20,1,77.9,1,899.2,0.18004893218410928
620.2,0.0,164.9,114.2,0.0,0.0,0.0,161.9,36.0,1277.5,156.0,20,3,113.8,1,899.3000000000001,0.18002891117532646
558.1,62.0,164.9,114.2,0.0,0.0,0.0,161.9,36.0,1276.6,156.0,20,3,102.7,1,899.2,0.18004893218410928
620.2,0.0,164.9,114.2,0.0,0.0,0.0,161.9,36.0,1277.5,156.0,20,7,134.2,1,899.3000000000001,0.18002891117532646
558.1,62.0,164.9,114.2,0.0,0.0,0.0,161.9,36.0,1276.6,156.0,20,7,130.5,1,899.2,0.18004893218410928
496.1,124.0,164.9,114.2,0.0,0.0,0.0,161.9,36.0,1275.9,156.0,20,7,129.8,1,899.2,0.18004893218410928
434.1,186.0,164.9,114.2,0.0,0.0,0.0,161.9,36.0,1275.0,156.0,20,7,121.7,1,899.2,0.18004893218410928
558.1,62.0,164.9,114.2,0.0,0.0,0.0,161.9,36.0,1276.6,156.0,20,14,160.5,1,899.2,0.18004893218410928
496.1,124.0,164.9,114.2,0.0,0.0,0.0,161.9,36.0,1275.9,156.0,20,14,162.0,1,899.2,0.18004893218410928
434.1,186.0,164.9,114.2,0.0,0.0,0.0,161.9,36.0,1275.0,156.0,20,14,153.9,1,899.2,0.18004893218410928
558.1,62.0,164.9,114.2,0.0,0.0,0.0,161.9,36.0,1276.6,156.0,20,28,170.7,1,899.2,0.18004893218410928
496.1,124.0,164.9,114.2,0.0,0.0,0.0,161.9,36.0,1275.9,156.0,20,28,175.8,1,899.2,0.18004893218410928
434.1,186.0,164.9,114.2,0.0,0.0,0.0,161.9,36.0,1275.0,156.0,20,28,168.4,1,899.2,0.18004893218410928
863.2,0.0,0.0,215.8,0.0,0.0,0.0,177.0,21.6,1079.0,0.0,20,1,36.1,1,1079.0,0.16404077834657943
857.8,0.0,0.0,215.8,0.0,0.0,5.4,177.0,21.6,1079.0,0.0,20,1,42.2,1,1079.0,0.16404077834657943
852.4,0.0,0.0,215.8,0.0,0.0,10.8,177.0,21.6,1079.0,0.0,20,1,47.7,1,1079.0,0.16404077834657943
847.0,0.0,0.0,215.8,0.0,0.0,16.2,177.0,21.6,1079.0,0.0,20,1,53.1,1,1079.0,0.16404077834657943
841.6,0.0,0.0,215.8,0.0,0.0,21.6,177.0,21.6,1079.0,0.0,20,1,53.1,1,1079.0,0.16404077834657943
863.2,0.0,0.0,215.8,0.0,0.0,0.0,177.0,21.6,1079.0,0.0,20,3,75.6,1,1079.0,0.16404077834657943
857.8,0.0,0.0,215.8,0.0,0.0,5.4,177.0,21.6,1079.0,0.0,20,3,81.7,1,1079.0,0.16404077834657943
852.4,0.0,0.0,215.8,0.0,0.0,10.8,177.0,21.6,1079.0,0.0,20,3,85.1,1,1079.0,0.16404077834657943
847.0,0.0,0.0,215.8,0.0,0.0,16.2,177.0,21.6,1079.0,0.0,20,3,87.8,1,1079.0,0.16404077834657943
841.6,0.0,0.0,215.8,0.0,0.0,21.6,177.0,21.6,1079.0,0.0,20,3,81.7,1,1079.0,0.16404077834657943
863.2,0.0,0.0,215.8,0.0,0.0,0.0,177.0,21.6,1079.0,0.0,20,7,83.7,1,1079.0,0.16404077834657943
857.8,0.0,0.0,215.8,0.0,0.0,5.4,177.0,21.6,1079.0,0.0,20,7,92.6,1,1079.0,0.16404077834657943
852.4,0.0,0.0,215.8,0.0,0.0,10.8,177.0,21.6,1079.0,0.0,20,7,102.1,1,1079.0,0.16404077834657943
847.0,0.0,0.0,215.8,0.0,0.0,16.2,177.0,21.6,1079.0,0.0,20,7,105.5,1,1079.0,0.16404077834657943
841.6,0.0,0.0,215.8,0.0,0.0,21.6,177.0,21.6,1079.0,0.0,20,7,102.8,1,1079.0,0.16404077834657943
863.2,0.0,0.0,215.8,0.0,0.0,0.0,177.0,21.6,1079.0,0.0,20,28,103.5,1,1079.0,0.16404077834657943
857.8,0.0,0.0,215.8,0.0,0.0,5.4,177.0,21.6,1079.0,0.0,20,28,108.3,1,1079.0,0.16404077834657943
852.4,0.0,0.0,215.8,0.0,0.0,10.8,177.0,21.6,1079.0,0.0,20,28,113.7,1,1079.0,0.16404077834657943
847.0,0.0,0.0,215.8,0.0,0.0,16.2,177.0,21.6,1079.0,0.0,20,28,112.3,1,1079.0,0.16404077834657943
841.6,0.0,0.0,215.8,0.0,0.0,21.6,177.0,21.6,1079.0,0.0,20,28,110.3,1,1079.0,0.16404077834657943
863.2,0.0,0.0,215.8,0.0,0.0,0.0,177.0,21.6,1079.0,0.0,20,90,119.8,1,1079.0,0.16404077834657943
857.8,0.0,0.0,215.8,0.0,0.0,5.4,177.0,21.6,1079.0,0.0,20,90,128.0,1,1079.0,0.16404077834657943
852.4,0.0,0.0,215.8,0.0,0.0,10.8,177.0,21.6,1079.0,0.0,20,90,130.7,1,1079.0,0.16404077834657943
847.0,0.0,0.0,215.8,0.0,0.0,16.2,177.0,21.6,1079.0,0.0,20,90,123.2,1,1079.0,0.16404077834657943
841.6,0.0,0.0,215.8,0.0,0.0,21.6,177.0,21.6,1079.0,0.0,20,90,117.8,1,1079.0,0.16404077834657943
750.0,0.0,200.0,144.0,0.0,0.0,0.0,182.0,38.0,990.0,0.0,20,3,82.3,1,1094.0,0.16636197425378246
675.0,75.0,200.0,144.0,0.0,0.0,0.0,182.0,38.0,990.0,0.0,20,3,68.9,1,1094.0,0.16636197425378246
600.0,150.0,200.0,144.0,0.0,0.0,0.0,182.0,36.0,990.0,0.0,20,3,64.5,1,1094.0,0.16636197425378246
525.0,225.0,200.0,144.0,0.0,0.0,0.0,182.0,36.0,990.0,0.0,20,3,60.7,1,1094.0,0.16636197425378246
450.0,300.0,200.0,144.0,0.0,0.0,0.0,182.0,34.0,990.0,0.0,20,3,53.0,1,1094.0,0.16636197425378246
375.0,375.0,200.0,144.0,0.0,0.0,0.0,182.0,30.0,990.0,0.0,20,3,48.1,1,1094.0,0.16636197425378246
750.0,0.0,200.0,144.0,0.0,0.0,0.0,182.0,38.0,990.0,0.0,20,7,100.1,1,1094.0,0.16636197425378246
675.0,75.0,200.0,144.0,0.0,0.0,0.0,182.0,38.0,990.0,0.0,20,7,90.0,1,1094.0,0.16636197425378246
600.0,150.0,200.0,144.0,0.0,0.0,0.0,182.0,36.0,990.0,0.0,20,7,84.3,1,1094.0,0.16636197425378246
525.0,225.0,200.0,144.0,0.0,0.0,0.0,182.0,36.0,990.0,0.0,20,7,82.3,1,1094.0,0.16636197425378246
450.0,300.0,200.0,144.0,0.0,0.0,0.0,182.0,34.0,990.0,0.0,20,7,78.0,1,1094.0,0.16636197425378246
375.0,375.0,200.0,144.0,0.0,0.0,0.0,182.0,30.0,990.0,0.0,20,7,70.3,1,1094.0,0.16636197425378246
750.0,0.0,200.0,144.0,0.0,0.0,0.0,182.0,38.0,990.0,0.0,20,28,121.8,1,1094.0,0.16636197425378246
675.0,75.0,200.0,144.0,0.0,0.0,0.0,182.0,38.0,990.0,0.0,20,28,125.2,1,1094.0,0.16636197425378246
600.0,150.0,200.0,144.0,0.0,0.0,0.0,182.0,36.0,990.0,0.0,20,28,127.6,1,1094.0,0.16636197425378246
525.0,225.0,200.0,144.0,0.0,0.0,0.0,182.0,36.0,990.0,0.0,20,28,127.1,1,1094.0,0.16636197425378246
450.0,300.0,200.0,144.0,0.0,0.0,0.0,182.0,34.0,990.0,0.0,20,28,122.3,1,1094.0,0.16636197425378246
375.0,375.0,200.0,144.0,0.0,0.0,0.0,182.0,30.0,990.0,0.0,20,28,116.0,1,1094.0,0.16636197425378246
960.0,0.0,0.0,240.0,0.0,0.0,0.0,234.0,45.0,793.7,0.0,23,7,107.6,1,1200.0,0.1949999998375
960.0,0.0,0.0,240.0,0.0,0.0,0.0,234.0,45.0,787.1,19.5,23,7,119.3,1,1200.0,0.1949999998375
960.0,0.0,0.0,240.0,0.0,0.0,0.0,234.0,45.0,780.5,39.0,23,7,121.8,1,1200.0,0.1949999998375
960.0,0.0,0.0,240.0,0.0,0.0,0.0,234.0,45.0,773.8,58.5,23,7,124.2,1,1200.0,0.1949999998375
960.0,0.0,0.0,240.0,0.0,0.0,0.0,234.0,45.0,767.2,78.0,23,7,126.9,1,1200.0,0.1949999998375
960.0,0.0,0.0,240.0,0.0,0.0,0.0,234.0,45.0,754.0,117.0,23,7,129.2,1,1200.0,0.1949999998375
960.0,0.0,0.0,240.0,0.0,0.0,0.0,234.0,45.0,740.7,156.0,23,7,136.6,1,1200.0,0.1949999998375
960.0,0.0,0.0,240.0,0.0,0.0,0.0,234.0,45.0,786.4,19.5,23,7,118.1,1,1200.0,0.1949999998375
960.0,0.0,0.0,240.0,0.0,0.0,0.0,234.0,45.0,779.2,39.0,23,7,120.2,1,1200.0,0.1949999998375
960.0,0.0,0.0,240.0,0.0,0.0,0.0,234.0,45.0,771.9,58.5,23,7,122.6,1,1200.0,0.1949999998375
960.0,0.0,0.0,240.0,0.0,0.0,0.0,234.0,45.0,764.7,78.0,23,7,127.4,1,1200.0,0.1949999998375
960.0,0.0,0.0,240.0,0.0,0.0,0.0,234.0,57.0,720.7,117.0,23,7,130.0,1,1200.0,0.1949999998375
960.0,0.0,0.0,240.0,0.0,0.0,0.0,234.0,57.0,706.2,156.0,23,7,132.4,1,1200.0,0.1949999998375
960.0,0.0,0.0,240.0,0.0,0.0,0.0,234.0,45.0,793.7,0.0,23,28,136.6,1,1200.0,0.1949999998375
960.0,0.0,0.0,240.0,0.0,0.0,0.0,234.0,45.0,787.1,19.5,23,28,148.7,1,1200.0,0.1949999998375
960.0,0.0,0.0,240.0,0.0,0.0,0.0,234.0,45.0,780.5,39.0,23,28,150.1,1,1200.0,0.1949999998375
960.0,0.0,0.0,240.0,0.0,0.0,0.0,234.0,45.0,773.8,58.5,23,28,152.5,1,1200.0,0.1949999998375
960.0,0.0,0.0,240.0,0.0,0.0,0.0,234.0,45.0,767.2,78.0,23,28,154.8,1,1200.0,0.1949999998375
960.0,0.0,0.0,240.0,0.0,0.0,0.0,234.0,45.0,754.0,117.0,23,28,160.6,1,1200.0,0.1949999998375
960.0,0.0,0.0,240.0,0.0,0.0,0.0,234.0,45.0,740.7,156.0,23,28,162.8,1,1200.0,0.1949999998375
960.0,0.0,0.0,240.0,0.0,0.0,0.0,234.0,45.0,786.4,19.5,23,28,144.5,1,1200.0,0.1949999998375
960.0,0.0,0.0,240.0,0.0,0.0,0.0,234.0,45.0,779.2,39.0,23,28,148.6,1,1200.0,0.1949999998375
960.0,0.0,0.0,240.0,0.0,0.0,0.0,234.0,45.0,771.9,58.5,23,28,151.8,1,1200.0,0.1949999998375
960.0,0.0,0.0,240.0,0.0,0.0,0.0,234.0,45.0,764.7,78.0,23,28,154.8,1,1200.0,0.1949999998375
960.0,0.0,0.0,240.0,0.0,0.0,0.0,234.0,57.0,720.7,117.0,23,28,156.2,1,1200.0,0.1949999998375
960.0,0.0,0.0,240.0,0.0,0.0,0.0,234.0,57.0,706.2,156.0,23,28,160.1,1,1200.0,0.1949999998375
960.0,0.0,0.0,240.0,0.0,0.0,0.0,234.0,45.0,793.7,0.0,23,56,150.1,1,1200.0,0.1949999998375
960.0,0.0,0.0,240.0,0.0,0.0,0.0,234.0,45.0,787.1,19.5,23,56,163.1,1,1200.0,0.1949999998375
960.0,0.0,0.0,240.0,0.0,0.0,0.0,234.0,45.0,780.5,39.0,23,56,166.2,1,1200.0,0.1949999998375
960.0,0.0,0.0,240.0,0.0,0.0,0.0,234.0,45.0,773.8,58.5,23,56,167.6,1,1200.0,0.1949999998375
960.0,0.0,0.0,240.0,0.0,0.0,0.0,234.0,45.0,767.2,78.0,23,56,170.7,1,1200.0,0.1949999998375
960.0,0.0,0.0,240.0,0.0,0.0,0.0,234.0,45.0,754.0,117.0,23,56,172.7,1,1200.0,0.1949999998375
960.0,0.0,0.0,240.0,0.0,0.0,0.0,234.0,45.0,740.7,156.0,23,56,173.2,1,1200.0,0.1949999998375
960.0,0.0,0.0,240.0,0.0,0.0,0.0,234.0,45.0,786.4,19.5,23,56,160.9,1,1200.0,0.1949999998375
960.0,0.0,0.0,240.0,0.0,0.0,0.0,234.0,45.0,779.2,39.0,23,56,163.3,1,1200.0,0.1949999998375
960.0,0.0,0.0,240.0,0.0,0.0,0.0,234.0,45.0,771.9,58.5,23,56,164.7,1,1200.0,0.1949999998375
960.0,0.0,0.0,240.0,0.0,0.0,0.0,234.0,45.0,764.7,78.0,23,56,164.9,1,1200.0,0.1949999998375
960.0,0.0,0.0,240.0,0.0,0.0,0.0,234.0,57.0,720.7,117.0,23,56,165.5,1,1200.0,0.1949999998375
960.0,0.0,0.0,240.0,0.0,0.0,0.0,234.0,57.0,706.2,156.0,23,56,166.7,1,1200.0,0.1949999998375
960.0,0.0,0.0,240.0,0.0,0.0,0.0,234.0,45.0,793.7,0.0,23,90,156.1,1,1200.0,0.1949999998375
960.0,0.0,0.0,240.0,0.0,0.0,0.0,234.0,45.0,787.1,19.5,23,90,167.8,1,1200.0,0.1949999998375
960.0,0.0,0.0,240.0,0.0,0.0,0.0,234.0,45.0,780.5,39.0,23,90,169.4,1,1200.0,0.1949999998375
960.0,0.0,0.0,240.0,0.0,0.0,0.0,234.0,45.0,773.8,58.5,23,90,170.5,1,1200.0,0.1949999998375
960.0,0.0,0.0,240.0,0.0,0.0,0.0,234.0,45.0,767.2,78.0,23,90,173.6,1,1200.0,0.1949999998375
960.0,0.0,0.0,240.0,0.0,0.0,0.0,234.0,45.0,754.0,117.0,23,90,176.8,1,1200.0,0.1949999998375
960.0,0.0,0.0,240.0,0.0,0.0,0.0,234.0,45.0,740.7,156.0,23,90,180.3,1,1200.0,0.1949999998375
960.0,0.0,0.0,240.0,0.0,0.0,0.0,234.0,45.0,786.4,19.5,23,90,165.1,1,1200.0,0.1949999998375
960.0,0.0,0.0,240.0,0.0,0.0,0.0,234.0,45.0,779.2,39.0,23,90,167.7,1,1200.0,0.1949999998375
960.0,0.0,0.0,240.0,0.0,0.0,0.0,234.0,45.0,771.9,58.5,23,90,167.9,1,1200.0,0.1949999998375
960.0,0.0,0.0,240.0,0.0,0.0,0.0,234.0,45.0,764.7,78.0,23,90,169.1,1,1200.0,0.1949999998375
960.0,0.0,0.0,240.0,0.0,0.0,0.0,234.0,57.0,720.7,117.0,23,90,170.9,1,1200.0,0.1949999998375
960.0,0.0,0.0,240.0,0.0,0.0,0.0,234.0,57.0,706.2,156.0,23,90,172.5,1,1200.0,0.1949999998375
960.0,0.0,0.0,240.0,0.0,0.0,0.0,234.0,45.0,793.7,0.0,23,180,161.3,1,1200.0,0.1949999998375
960.0,0.0,0.0,240.0,0.0,0.0,0.0,234.0,45.0,787.1,19.5,23,180,169.8,1,1200.0,0.1949999998375
960.0,0.0,0.0,240.0,0.0,0.0,0.0,234.0,45.0,780.5,39.0,23,180,170.9,1,1200.0,0.1949999998375
960.0,0.0,0.0,240.0,0.0,0.0,0.0,234.0,45.0,773.8,58.5,23,180,172.3,1,1200.0,0.1949999998375
960.0,0.0,0.0,240.0,0.0,0.0,0.0,234.0,45.0,767.2,78.0,23,180,175.2,1,1200.0,0.1949999998375
960.0,0.0,0.0,240.0,0.0,0.0,0.0,234.0,45.0,754.0,117.0,23,180,178.1,1,1200.0,0.1949999998375
960.0,0.0,0.0,240.0,0.0,0.0,0.0,234.0,45.0,740.7,156.0,23,180,182.4,1,1200.0,0.1949999998375
960.0,0.0,0.0,240.0,0.0,0.0,0.0,234.0,45.0,786.4,19.5,23,180,167.9,1,1200.0,0.1949999998375
960.0,0.0,0.0,240.0,0.0,0.0,0.0,234.0,45.0,779.2,39.0,23,180,169.1,1,1200.0,0.1949999998375
960.0,0.0,0.0,240.0,0.0,0.0,0.0,234.0,45.0,771.9,58.5,23,180,170.3,1,1200.0,0.1949999998375
960.0,0.0,0.0,240.0,0.0,0.0,0.0,234.0,45.0,764.7,78.0,23,180,172.5,1,1200.0,0.1949999998375
960.0,0.0,0.0,240.0,0.0,0.0,0.0,234.0,57.0,720.7,117.0,23,180,174.2,1,1200.0,0.1949999998375
960.0,0.0,0.0,240.0,0.0,0.0,0.0,234.0,57.0,706.2,156.0,23,180,177.2,1,1200.0,0.1949999998375
472.0,315.0,0.0,262.0,0.0,0.0,0.0,178.0,21.0,1049.0,0.0,23,7,94.5,1,1049.0,0.169685414518889
472.0,315.0,0.0,262.0,0.0,0.0,0.0,178.0,21.0,1049.0,156.0,23,7,115.0,1,1049.0,0.169685414518889
472.0,315.0,0.0,262.0,0.0,0.0,0.0,178.0,21.0,1049.0,156.0,23,7,120.9,1,1049.0,0.169685414518889
472.0,315.0,0.0,262.0,0.0,0.0,0.0,178.0,21.0,1049.0,156.0,23,7,108.8,1,1049.0,0.169685414518889
472.0,315.0,0.0,262.0,0.0,0.0,0.0,178.0,21.0,1049.0,0.0,23,28,98.3,1,1049.0,0.169685414518889
472.0,315.0,0.0,262.0,0.0,0.0,0.0,178.0,21.0,1049.0,156.0,23,28,134.3,1,1049.0,0.169685414518889
472.0,315.0,0.0,262.0,0.0,0.0,0.0,178.0,21.0,1049.0,156.0,23,28,143.5,1,1049.0,0.169685414518889
472.0,315.0,0.0,262.0,0.0,0.0,0.0,178.0,21.0,1049.0,156.0,23,28,127.6,1,1049.0,0.169685414518889
472.0,315.0,0.0,262.0,0.0,0.0,0.0,178.0,21.0,1049.0,156.0,23,28,123.4,1,1049.0,0.169685414518889
472.0,315.0,0.0,262.0,0.0,0.0,0.0,178.0,21.0,1049.0,156.0,23,28,120.5,1,1049.0,0.169685414518889
680.0,0.0,0.0,120.0,0.0,0.0,0.0,160.0,9.59,1462.0,0.0,23,7,63.7,1,800.0,0.19999999975
640.0,0.0,0.0,160.0,0.0,0.0,0.0,160.0,9.6,1446.4,0.0,23,7,57.4,1,800.0,0.19999999975
600.0,0.0,0.0,200.0,0.0,0.0,0.0,160.0,9.6,1434.0,0.0,23,7,60.5,1,800.0,0.19999999975
680.0,0.0,0.0,120.0,0.0,0.0,0.0,144.0,9.59,1502.8,0.0,23,7,68.49,1,800.0,0.179999999775
680.0,0.0,0.0,120.0,0.0,0.0,0.0,176.0,9.59,1421.2,0.0,23,7,55.32,1,800.0,0.219999999725
680.0,0.0,0.0,120.0,0.0,0.0,0.0,160.0,11.22,1462.0,0.0,23,7,63.22,1,800.0,0.19999999975
680.0,0.0,0.0,120.0,0.0,0.0,0.0,160.0,8.02,1468.8,0.0,23,7,58.83,1,800.0,0.19999999975
765.0,0.0,0.0,135.0,0.0,0.0,0.0,180.0,10.79,1315.8,0.0,23,7,66.8,1,900.0,0.19999999977777777
720.0,0.0,0.0,180.0,0.0,0.0,0.0,180.0,10.8,1303.2,0.0,23,7,69.2,1,900.0,0.19999999977777777
675.0,0.0,0.0,225.0,0.0,0.0,0.0,180.0,10.8,1289.25,0.0,23,7,64.5,1,900.0,0.19999999977777777
720.0,0.0,0.0,180.0,0.0,0.0,0.0,162.0,10.8,1353.6,0.0,23,7,72.0,1,900.0,0.1799999998
720.0,0.0,0.0,180.0,0.0,0.0,0.0,198.0,10.8,1260.0,0.0,23,7,64.1,1,900.0,0.21999999975555556
720.0,0.0,0.0,180.0,0.0,0.0,0.0,180.0,12.6,1296.0,0.0,23,7,70.24,1,900.0,0.19999999977777777
720.0,0.0,0.0,180.0,0.0,0.0,0.0,180.0,9.0,1310.4,0.0,23,7,67.61,1,900.0,0.19999999977777777
850.0,0.0,0.0,150.0,0.0,0.0,0.0,200.0,11.99,1173.0,0.0,23,7,72.3,1,1000.0,0.1999999998
800.0,0.0,0.0,200.0,0.0,0.0,0.0,200.0,12.0,1160.0,0.0,23,7,73.1,1,1000.0,0.1999999998
750.0,0.0,0.0,250.0,0.0,0.0,0.0,200.0,12.0,1140.0,0.0,23,7,67.6,1,1000.0,0.1999999998
850.0,0.0,0.0,150.0,0.0,0.0,0.0,180.0,11.99,1224.0,0.0,23,7,74.63,1,1000.0,0.17999999982
850.0,0.0,0.0,150.0,0.0,0.0,0.0,220.0,11.99,1122.0,0.0,23,7,67.61,1,1000.0,0.21999999978
850.0,0.0,0.0,150.0,0.0,0.0,0.0,200.0,14.03,1173.0,0.0,23,7,72.88,1,1000.0,0.1999999998
850.0,0.0,0.0,150.0,0.0,0.0,0.0,200.0,10.03,1181.5,0.0,23,7,69.37,1,1000.0,0.1999999998
680.0,0.0,0.0,120.0,0.0,0.0,0.0,160.0,9.59,1462.0,0.0,23,28,118.7,1,800.0,0.19999999975
640.0,0.0,0.0,160.0,0.0,0.0,0.0,160.0,9.6,1446.4,0.0,23,28,113.2,1,800.0,0.19999999975
680.0,0.0,0.0,120.0,0.0,0.0,0.0,144.0,9.59,1502.8,0.0,23,28,122.93,1,800.0,0.179999999775
680.0,0.0,0.0,120.0,0.0,0.0,0.0,176.0,9.59,1421.2,0.0,23,28,108.88,1,800.0,0.219999999725
680.0,0.0,0.0,120.0,0.0,0.0,0.0,160.0,11.22,1462.0,0.0,23,28,122.05,1,800.0,0.19999999975
680.0,0.0,0.0,120.0,0.0,0.0,0.0,160.0,8.02,1468.8,0.0,23,28,111.51,1,800.0,0.19999999975
765.0,0.0,0.0,135.0,0.0,0.0,0.0,180.0,10.79,1315.8,0.0,23,28,122.6,1,900.0,0.19999999977777777
720.0,0.0,0.0,180.0,0.0,0.0,0.0,180.0,10.8,1303.2,0.0,23,28,124.2,1,900.0,0.19999999977777777
675.0,0.0,0.0,225.0,0.0,0.0,0.0,180.0,10.8,1289.25,0.0,23,28,123.4,1,900.0,0.19999999977777777
720.0,0.0,0.0,180.0,0.0,0.0,0.0,162.0,10.8,1353.6,0.0,23,28,128.2,1,900.0,0.1799999998
720.0,0.0,0.0,180.0,0.0,0.0,0.0,198.0,10.8,1260.0,0.0,23,28,122.05,1,900.0,0.21999999975555556
720.0,0.0,0.0,180.0,0.0,0.0,0.0,180.0,12.6,1296.0,0.0,23,28,127.32,1,900.0,0.19999999977777777
720.0,0.0,0.0,180.0,0.0,0.0,0.0,180.0,9.0,1310.4,0.0,23,28,125.56,1,900.0,0.19999999977777777
850.0,0.0,0.0,150.0,0.0,0.0,0.0,200.0,11.99,1173.0,0.0,23,28,128.1,1,1000.0,0.1999999998
800.0,0.0,0.0,200.0,0.0,0.0,0.0,200.0,12.0,1160.0,0.0,23,28,126.6,1,1000.0,0.1999999998
750.0,0.0,0.0,250.0,0.0,0.0,0.0,200.0,12.0,1140.0,0.0,23,28,125.0,1,1000.0,0.1999999998
850.0,0.0,0.0,150.0,0.0,0.0,0.0,180.0,11.99,1224.0,0.0,23,28,132.59,1,1000.0,0.17999999982
850.0,0.0,0.0,150.0,0.0,0.0,0.0,220.0,11.99,1122.0,0.0,23,28,122.93,1,1000.0,0.21999999978
850.0,0.0,0.0,150.0,0.0,0.0,0.0,200.0,14.03,1173.0,0.0,23,28,129.95,1,1000.0,0.1999999998
850.0,0.0,0.0,150.0,0.0,0.0,0.0,200.0,10.03,1181.5,0.0,23,28,127.32,1,1000.0,0.1999999998
729.0,0.0,0.0,182.0,0.0,0.0,0.0,182.0,27.0,1150.0,156.0,20,28,148.0,1,911.0,0.19978046081253517
365.0,365.0,0.0,183.0,0.0,0.0,0.0,183.0,17.0,1150.0,156.0,20,28,151.0,1,913.0,0.20043811588122878
480.0,0.0,206.0,171.0,0.0,0.0,0.0,171.0,33.0,1150.0,156.0,20,28,157.0,1,857.0,0.19953325530976282
480.0,0.0,206.0,171.0,0.0,0.0,0.0,171.0,33.0,1150.0,156.0,210,28,172.0,1,857.0,0.19953325530976282
863.0,0.0,0.0,216.0,0.0,0.0,0.0,177.0,21.6,1079.0,0.0,23,1,35.68,1,1079.0,0.16404077834657943
858.0,0.0,0.0,216.0,0.0,0.0,5.4,177.0,21.6,1079.0,0.0,23,1,42.39,1,1079.4,0.16397998873079486
852.0,0.0,0.0,216.0,0.0,0.0,10.8,177.0,21.6,1079.0,0.0,23,1,48.2,1,1078.8,0.1640711900592592
847.0,0.0,0.0,216.0,0.0,0.0,16.2,177.0,21.6,1079.0,0.0,23,1,53.38,1,1079.2,0.16401037790584655
842.0,0.0,0.0,216.0,0.0,0.0,21.6,177.0,21.6,1079.0,0.0,23,1,53.08,1,1079.6,0.16394961081516338
863.0,0.0,0.0,216.0,0.0,0.0,0.0,177.0,21.6,1079.0,0.0,23,3,75.05,1,1079.0,0.16404077834657943
858.0,0.0,0.0,216.0,0.0,0.0,5.4,177.0,21.6,1079.0,0.0,23,3,82.07,1,1079.4,0.16397998873079486
852.0,0.0,0.0,216.0,0.0,0.0,10.8,177.0,21.6,1079.0,0.0,23,3,85.12,1,1078.8,0.1640711900592592
847.0,0.0,0.0,216.0,0.0,0.0,16.2,177.0,21.6,1079.0,0.0,23,3,87.88,1,1079.2,0.16401037790584655
842.0,0.0,0.0,216.0,0.0,0.0,21.6,177.0,21.6,1079.0,0.0,23,3,82.09,1,1079.6,0.16394961081516338
863.0,0.0,0.0,216.0,0.0,0.0,0.0,177.0,21.6,1079.0,0.0,23,7,92.48,1,1079.0,0.16404077834657943
858.0,0.0,0.0,216.0,0.0,0.0,5.4,177.0,21.6,1079.0,0.0,23,7,92.79,1,1079.4,0.16397998873079486
852.0,0.0,0.0,216.0,0.0,0.0,10.8,177.0,21.6,1079.0,0.0,23,7,101.64,1,1078.8,0.1640711900592592
847.0,0.0,0.0,216.0,0.0,0.0,16.2,177.0,21.6,1079.0,0.0,23,7,106.22,1,1079.2,0.16401037790584655
842.0,0.0,0.0,216.0,0.0,0.0,21.6,177.0,21.6,1079.0,0.0,23,7,103.18,1,1079.6,0.16394961081516338
863.0,0.0,0.0,216.0,0.0,0.0,0.0,177.0,21.6,1079.0,0.0,23,28,103.81,1,1079.0,0.16404077834657943
858.0,0.0,0.0,216.0,0.0,0.0,5.4,177.0,21.6,1079.0,0.0,23,28,108.09,1,1079.4,0.16397998873079486
852.0,0.0,0.0,216.0,0.0,0.0,10.8,177.0,21.6,1079.0,0.0,23,28,113.58,1,1078.8,0.1640711900592592
847.0,0.0,0.0,216.0,0.0,0.0,16.2,177.0,21.6,1079.0,0.0,23,28,112.68,1,1079.2,0.16401037790584655
842.0,0.0,0.0,216.0,0.0,0.0,21.6,177.0,21.6,1079.0,0.0,23,28,110.25,1,1079.6,0.16394961081516338
863.0,0.0,0.0,216.0,0.0,0.0,0.0,177.0,21.6,1079.0,0.0,23,28,119.41,1,1079.0,0.16404077834657943
858.0,0.0,0.0,216.0,0.0,0.0,5.4,177.0,21.6,1079.0,0.0,23,28,128.26,1,1079.4,0.16397998873079486
852.0,0.0,0.0,216.0,0.0,0.0,10.8,177.0,21.6,1079.0,0.0,23,28,129.79,1,1078.8,0.1640711900592592
847.0,0.0,0.0,216.0,0.0,0.0,16.2,177.0,21.6,1079.0,0.0,23,28,124.0,1,1079.2,0.16401037790584655
842.0,0.0,0.0,216.0,0.0,0.0,21.6,177.0,21.6,1079.0,0.0,23,28,117.62,1,1079.6,0.16394961081516338
1251.2,0.0,0.0,291.3,0.0,0.0,0.0,201.4,28.2,407.8,0.0,23,1,82.81,1,1542.5,0.1305672608553859
825.8,0.0,0.0,192.3,486.2,0.0,0.0,201.4,10.5,444.4,0.0,23,1,70.14,1,1504.3,0.13388286901955537
575.6,0.0,0.0,134.0,772.2,0.0,0.0,201.4,5.1,455.7,0.0,23,1,33.49,1,1481.8000000000002,0.1359157780159834
325.3,0.0,0.0,75.7,1058.2,0.0,0.0,201.4,5.2,455.4,0.0,23,1,28.51,1,1459.2,0.13802083323874667
1251.2,0.0,0.0,291.3,0.0,0.0,0.0,201.4,28.2,407.8,0.0,23,3,112.692,1,1542.5,0.1305672608553859
825.8,0.0,0.0,192.3,486.2,0.0,0.0,201.4,10.5,444.4,0.0,23,3,116.31,1,1504.3,0.13388286901955537
325.3,0.0,0.0,75.7,1058.2,0.0,0.0,201.4,5.2,455.4,0.0,23,3,54.32,1,1459.2,0.13802083323874667
1251.2,0.0,0.0,291.3,0.0,0.0,0.0,201.4,28.2,407.8,0.0,23,7,124.94,1,1542.5,0.1305672608553859
325.3,0.0,0.0,75.7,1058.2,0.0,0.0,201.4,5.2,455.4,0.0,23,7,75.62,1,1459.2,0.13802083323874667
1251.2,0.0,0.0,291.3,0.0,0.0,0.0,201.4,28.2,407.8,0.0,23,14,140.83,1,1542.5,0.1305672608553859
825.8,0.0,0.0,192.3,486.2,0.0,0.0,201.4,10.5,444.4,0.0,23,14,148.52,1,1504.3,0.13388286901955537
575.6,0.0,0.0,134.0,772.2,0.0,0.0,201.4,5.1,455.7,0.0,23,14,142.64,1,1481.8000000000002,0.1359157780159834
325.3,0.0,0.0,75.7,1058.2,0.0,0.0,201.4,5.2,455.4,0.0,23,14,97.84,1,1459.2,0.13802083323874667
1251.2,0.0,0.0,291.3,0.0,0.0,0.0,201.4,28.2,407.8,0.0,23,28,147.27,1,1542.5,0.1305672608553859
825.8,0.0,0.0,192.3,486.2,0.0,0.0,201.4,10.5,444.4,0.0,23,28,167.18,1,1504.3,0.13388286901955537
575.6,0.0,0.0,134.0,772.2,0.0,0.0,201.4,5.1,455.7,0.0,23,28,155.87,1,1481.8000000000002,0.1359157780159834
325.3,0.0,0.0,75.7,1058.2,0.0,0.0,201.4,5.2,455.4,0.0,23,28,113.34,1,1459.2,0.13802083323874667
1251.2,0.0,0.0,291.3,0.0,0.0,0.0,201.4,28.2,407.8,0.0,23,56,156.53,1,1542.5,0.1305672608553859
575.6,0.0,0.0,134.0,772.2,0.0,0.0,201.4,5.1,455.7,0.0,23,56,171.0,1,1481.8000000000002,0.1359157780159834
325.3,0.0,0.0,75.7,1058.2,0.0,0.0,201.4,5.2,455.4,0.0,23,56,123.05,1,1459.2,0.13802083323874667
788.5,0.0,0.0,433.7,0.0,0.0,0.0,160.3,52.6,867.4,0.0,23,28,195.2,1,1222.2,0.1311569300186901
788.5,0.0,0.0,433.7,0.0,0.0,0.0,160.3,52.6,867.4,156.0,23,28,220.2,1,1222.2,0.1311569300186901
788.5,0.0,0.0,433.7,0.0,0.0,0.0,160.3,52.6,867.4,156.0,23,28,209.6,1,1222.2,0.1311569300186901
788.5,0.0,0.0,433.7,0.0,0.0,0.0,160.3,52.6,867.4,156.0,23,28,201.4,1,1222.2,0.1311569300186901
788.5,0.0,0.0,433.7,0.0,0.0,0.0,160.3,52.6,867.4,156.0,23,28,218.4,1,1222.2,0.1311569300186901
788.5,0.0,0.0,433.7,0.0,0.0,0.0,160.3,52.6,867.4,156.0,23,28,218.5,1,1222.2,0.1311569300186901
788.5,0.0,0.0,433.7,0.0,0.0,0.0,160.3,52.6,867.4,156.0,23,28,205.1,1,1222.2,0.1311569300186901
788.5,0.0,0.0,433.7,0.0,0.0,0.0,160.3,52.6,867.4,39.0,23,28,209.4,1,1222.2,0.1311569300186901
788.5,0.0,0.0,433.7,0.0,0.0,0.0,160.3,52.6,867.4,78.0,23,28,199.6,1,1222.2,0.1311569300186901
788.5,0.0,0.0,433.7,0.0,0.0,0.0,160.3,52.6,867.4,117.0,23,28,209.7,1,1222.2,0.1311569300186901
788.5,0.0,0.0,433.7,0.0,0.0,0.0,160.3,52.6,867.4,39.0,23,28,198.6,1,1222.2,0.1311569300186901
788.5,0.0,0.0,433.7,0.0,0.0,0.0,160.3,52.6,867.4,78.0,23,28,208.4,1,1222.2,0.1311569300186901
788.5,0.0,0.0,433.7,0.0,0.0,0.0,160.3,52.6,867.4,117.0,23,28,220.5,1,1222.2,0.1311569300186901
788.5,0.0,0.0,433.7,0.0,0.0,0.0,160.3,52.6,867.4,39.0,23,28,211.2,1,1222.2,0.1311569300186901
788.5,0.0,0.0,433.7,0.0,0.0,0.0,160.3,52.6,867.4,78.0,23,28,186.7,1,1222.2,0.1311569300186901
788.5,0.0,0.0,433.7,0.0,0.0,0.0,160.3,52.6,867.4,117.0,23,28,218.1,1,1222.2,0.1311569300186901
946.0,0.0,166.0,71.0,47.0,0.0,0.0,166.0,35.76,860.0,0.0,23,3,120.77,1,1230.0,0.13495934948377286
784.0,0.0,0.0,157.0,235.0,0.0,0.0,171.0,39.66,823.0,0.0,23,3,102.73,1,1176.0,0.14540816314165972
937.0,0.0,164.0,70.0,47.0,0.0,0.0,164.0,36.82,851.0,78.0,23,3,108.74,1,1218.0,0.13464696212262153
777.0,0.0,0.0,155.0,233.0,0.0,0.0,169.0,40.64,816.0,78.0,23,3,101.09,1,1165.0,0.14506437755788465
946.0,0.0,166.0,71.0,47.0,0.0,0.0,166.0,35.76,860.0,0.0,23,14,131.69,1,1230.0,0.13495934948377286
784.0,0.0,0.0,157.0,235.0,0.0,0.0,171.0,39.66,823.0,0.0,23,14,118.03,1,1176.0,0.14540816314165972
937.0,0.0,164.0,70.0,47.0,0.0,0.0,164.0,36.82,851.0,78.0,23,14,123.5,1,1218.0,0.13464696212262153
777.0,0.0,0.0,155.0,233.0,0.0,0.0,169.0,40.64,816.0,78.0,23,14,110.93,1,1165.0,0.14506437755788465
946.0,0.0,166.0,71.0,47.0,0.0,0.0,166.0,35.76,860.0,0.0,23,28,144.81,1,1230.0,0.13495934948377286
784.0,0.0,0.0,157.0,235.0,0.0,0.0,171.0,39.66,823.0,0.0,23,28,127.87,1,1176.0,0.14540816314165972
937.0,0.0,164.0,70.0,47.0,0.0,0.0,164.0,36.82,851.0,78.0,23,28,150.82,1,1218.0,0.13464696212262153
777.0,0.0,0.0,155.0,233.0,0.0,0.0,169.0,40.64,816.0,78.0,23,28,134.43,1,1165.0,0.14506437755788465
946.0,0.0,166.0,71.0,47.0,0.0,0.0,166.0,35.76,860.0,0.0,23,90,160.66,1,1230.0,0.13495934948377286
784.0,0.0,0.0,157.0,235.0,0.0,0.0,171.0,39.66,823.0,0.0,23,90,150.82,1,1176.0,0.14540816314165972
937.0,0.0,164.0,70.0,47.0,0.0,0.0,164.0,36.82,851.0,78.0,23,90,166.67,1,1218.0,0.13464696212262153
777.0,0.0,0.0,155.0,233.0,0.0,0.0,169.0,40.64,816.0,78.0,23,90,151.91,1,1165.0,0.14506437755788465
792.0,0.0,0.0,264.0,0.0,0.0,0.0,173.0,21.1,1056.0,156.0,20,3,102.86,1,1056.0,0.16382575742061953
784.0,0.0,0.0,261.0,0.0,0.0,0.0,171.0,20.9,1045.0,234.0,20,3,106.0,1,1045.0,0.1636363634797738
809.0,0.0,0.0,270.0,0.0,0.0,0.0,177.0,21.6,1079.0,0.0,20,7,92.77,1,1079.0,0.16404077834657943
800.0,0.0,0.0,267.0,0.0,0.0,0.0,175.0,21.3,1067.0,78.0,20,7,110.42,1,1067.0,0.16401124633176076
792.0,0.0,0.0,264.0,0.0,0.0,0.0,173.0,21.1,1056.0,156.0,20,7,123.66,1,1056.0,0.16382575742061953
784.0,0.0,0.0,261.0,0.0,0.0,0.0,171.0,20.9,1045.0,234.0,20,7,128.07,1,1045.0,0.1636363634797738
809.0,0.0,0.0,270.0,0.0,0.0,0.0,177.0,21.6,1079.0,0.0,20,28,106.0,1,1079.0,0.16404077834657943
800.0,0.0,0.0,267.0,0.0,0.0,0.0,175.0,21.3,1067.0,78.0,20,28,129.96,1,1067.0,0.16401124633176076
792.0,0.0,0.0,264.0,0.0,0.0,0.0,173.0,21.1,1056.0,156.0,20,28,150.13,1,1056.0,0.16382575742061953
784.0,0.0,0.0,261.0,0.0,0.0,0.0,171.0,20.9,1045.0,234.0,20,28,158.32,1,1045.0,0.1636363634797738
800.0,0.0,0.0,267.0,0.0,0.0,0.0,175.0,21.3,1067.0,78.0,20,90,148.87,1,1067.0,0.16401124633176076
792.0,0.0,0.0,264.0,0.0,0.0,0.0,173.0,21.1,1056.0,156.0,20,90,161.47,1,1056.0,0.16382575742061953
784.0,0.0,0.0,261.0,0.0,0.0,0.0,171.0,20.9,1045.0,234.0,20,90,166.51,1,1045.0,0.1636363634797738
